name,address,num_of_stations,coordinates
,,0,"43.665269,-79.319796"
,,0,"43.67142,-79.445947"
,,0,"43.666224,-79.317693"
Dundas Subway Station,300 Yonge St,6,"43.653236,-79.376716"
King Subway Station,70 Yonge St,6,"43.653236,-79.376716"
Osgoode SUBWAY Station,250 University Ave,6,"43.653236,-79.376716"
Union Subway Station,55 Front St E,6,"43.653236,-79.376716"
St Patrick Subway Station,147 University Ave,6,"43.653236,-79.376716"
St Patrick Subway Station,449 University Ave,6,"43.653236,-79.376716"
Wellesley Subway Station,551 Yonge St,4,"43.663722,-79.380288"
Dundas Subway Station,300 Yonge St,4,"43.663722,-79.380288"
Bloor-Yonge Subway Station,20 Bloor St E,4,"43.663722,-79.380288"
Queen's Park Subway Station,505 University Ave,4,"43.663722,-79.380288"
Queen's Park Subway Station,505 University Ave,5,"43.657763,-79.389165"
St Patrick Subway Station,449 University Ave,5,"43.657763,-79.389165"
Dundas Subway Station,300 Yonge St,5,"43.657763,-79.389165"
Osgoode SUBWAY Station,250 University Ave,5,"43.657763,-79.389165"
Wellesley Subway Station,551 Yonge St,5,"43.657763,-79.389165"
Dundas Subway Station,300 Yonge St,7,"43.656729,-79.382736"
St Patrick Subway Station,449 University Ave,7,"43.656729,-79.382736"
Queen's Park Subway Station,505 University Ave,7,"43.656729,-79.382736"
Osgoode SUBWAY Station,250 University Ave,7,"43.656729,-79.382736"
King Subway Station,70 Yonge St,7,"43.656729,-79.382736"
Wellesley Subway Station,551 Yonge St,7,"43.656729,-79.382736"
St Patrick Subway Station,147 University Ave,7,"43.656729,-79.382736"
Spadina Subway Station,371 Bloor St W,2,"43.664467,-79.414783"
Spadina Station North Entrance,68 Spadina Rd,2,"43.664467,-79.414783"
Rosedale Subway Station,1009 Yonge St,3,"43.675492,-79.388858"
Bloor-Yonge Subway Station,20 Bloor St E,3,"43.675492,-79.388858"
Summerhill Subway Station,1189 Yonge St,3,"43.675492,-79.388858"
Rosedale Subway Station,1009 Yonge St,5,"43.674991,-79.396273"
St. George Subway Station,323 Bloor St W,5,"43.674991,-79.396273"
Spadina Station North Entrance,68 Spadina Rd,5,"43.674991,-79.396273"
Summerhill Subway Station,1189 Yonge St,5,"43.674991,-79.396273"
Bloor-Yonge Subway Station,20 Bloor St E,5,"43.674991,-79.396273"
Bloor-Yonge Subway Station,20 Bloor St E,4,"43.671944,-79.387778"
Rosedale Subway Station,1009 Yonge St,4,"43.671944,-79.387778"
Wellesley Subway Station,551 Yonge St,4,"43.671944,-79.387778"
Sherbourne Subway Station,420 Bloor St E,4,"43.671944,-79.387778"
,,0,"43.662365,-79.351104"
Union Subway Station,55 Front St E,4,"43.646144,-79.377962"
King Subway Station,70 Yonge St,4,"43.646144,-79.377962"
St Patrick Subway Station,147 University Ave,4,"43.646144,-79.377962"
Osgoode SUBWAY Station,250 University Ave,4,"43.646144,-79.377962"
,,0,"43.663993,-79.358534"
Dundas Subway Station,300 Yonge St,2,"43.657266,-79.374756"
King Subway Station,70 Yonge St,2,"43.657266,-79.374756"
,,0,"43.6672144,-79.3452697"
,,0,"43.673939,-79.441159"
,,0,"43.657991,-79.340075"
,,0,"43.66745,-79.329408"
Donlands Subway Station,990 Danforth Ave,2,"43.672453,-79.338259"
Pape Subway Station,743 Pape Ave,2,"43.672453,-79.338259"
,,0,"43.6592088,-79.3348396"
,,0,"43.689211,-79.35438"
Dundas Subway Station,300 Yonge St,6,"43.655431,-79.380653"
St Patrick Subway Station,449 University Ave,6,"43.655431,-79.380653"
Osgoode SUBWAY Station,250 University Ave,6,"43.655431,-79.380653"
King Subway Station,70 Yonge St,6,"43.655431,-79.380653"
St Patrick Subway Station,147 University Ave,6,"43.655431,-79.380653"
Queen's Park Subway Station,505 University Ave,6,"43.655431,-79.380653"
Dundas Subway Station,300 Yonge St,5,"43.656927,-79.378497"
St Patrick Subway Station,449 University Ave,5,"43.656927,-79.378497"
King Subway Station,70 Yonge St,5,"43.656927,-79.378497"
Osgoode SUBWAY Station,250 University Ave,5,"43.656927,-79.378497"
Queen's Park Subway Station,505 University Ave,5,"43.656927,-79.378497"
Dundas West Subway Station,1525 Bloor St W,3,"43.661324,-79.449534"
Lansdowne Subway Station,1287 Bloor St W,3,"43.661324,-79.449534"
Bloor-Danforth Subway Line,,3,"43.661324,-79.449534"
Dundas Subway Station,300 Yonge St,1,"43.658295,-79.372346"
Victoria Park Subway Station,777 Victoria Park Ave,1,"43.6940155,-79.2889842"
,,0,"43.6809164,-79.4229684"
St Clair Subway Station,1441 Yonge St,1,"43.6910667,-79.39535"
,,0,"43.6975969,-79.39654"
,,0,"43.639832,-79.395954"
Spadina Subway Station,371 Bloor St W,3,"43.667158,-79.402761"
St. George Subway Station,323 Bloor St W,3,"43.667158,-79.402761"
Spadina Station North Entrance,68 Spadina Rd,3,"43.667158,-79.402761"
St. George Subway Station,323 Bloor St W,3,"43.667333,-79.399429"
Spadina Subway Station,371 Bloor St W,3,"43.667333,-79.399429"
Spadina Station North Entrance,68 Spadina Rd,3,"43.667333,-79.399429"
St Patrick Subway Station,147 University Ave,6,"43.6480008,-79.383177"
Union Subway Station,55 Front St E,6,"43.6480008,-79.383177"
Osgoode SUBWAY Station,250 University Ave,6,"43.6480008,-79.383177"
King Subway Station,70 Yonge St,6,"43.6480008,-79.383177"
St Patrick Subway Station,449 University Ave,6,"43.6480008,-79.383177"
Dundas Subway Station,300 Yonge St,6,"43.6480008,-79.383177"
St Patrick Subway Station,449 University Ave,4,"43.656518,-79.389099"
Queen's Park Subway Station,505 University Ave,4,"43.656518,-79.389099"
Osgoode SUBWAY Station,250 University Ave,4,"43.656518,-79.389099"
Dundas Subway Station,300 Yonge St,4,"43.656518,-79.389099"
Queen's Park Subway Station,505 University Ave,2,"43.658148,-79.398167"
St Patrick Subway Station,449 University Ave,2,"43.658148,-79.398167"
St Clair Subway Station,1441 Yonge St,2,"43.687999,-79.38906"
Summerhill Subway Station,1189 Yonge St,2,"43.687999,-79.38906"
,,0,"43.63796,-79.387502"
Dundas West Subway Station,1525 Bloor St W,3,"43.6563889,-79.45166666666667"
Bloor-Danforth Subway Line,,3,"43.6563889,-79.45166666666667"
Lansdowne Subway Station,1287 Bloor St W,3,"43.6563889,-79.45166666666667"
,,0,"43.639179,-79.399595"
,,0,"43.6322445,-79.4108105"
Spadina Subway Station,371 Bloor St W,4,"43.6616667,-79.40138888888889"
St. George Subway Station,323 Bloor St W,4,"43.6616667,-79.40138888888889"
Queen's Park Subway Station,505 University Ave,4,"43.6616667,-79.40138888888889"
Spadina Station North Entrance,68 Spadina Rd,4,"43.6616667,-79.40138888888889"
,,0,"43.66666667,-79.45833333333334"
Dundas West Subway Station,1525 Bloor St W,3,"43.657192,-79.452559"
Lansdowne Subway Station,1287 Bloor St W,3,"43.657192,-79.452559"
Bloor-Danforth Subway Line,,3,"43.657192,-79.452559"
,,0,"43.6576,-79.4032"
Dundas Subway Station,300 Yonge St,4,"43.660694,-79.379052"
Wellesley Subway Station,551 Yonge St,4,"43.660694,-79.379052"
Queen's Park Subway Station,505 University Ave,4,"43.660694,-79.379052"
St Patrick Subway Station,449 University Ave,4,"43.660694,-79.379052"
,,0,"43.636533,-79.395854"
Union Subway Station,55 Front St E,2,"43.640132,-79.380464"
St Patrick Subway Station,147 University Ave,2,"43.640132,-79.380464"
Dundas Subway Station,300 Yonge St,4,"43.659777,-79.382767"
Wellesley Subway Station,551 Yonge St,4,"43.659777,-79.382767"
Queen's Park Subway Station,505 University Ave,4,"43.659777,-79.382767"
St Patrick Subway Station,449 University Ave,4,"43.659777,-79.382767"
Union Subway Station,55 Front St E,4,"43.643667,-79.380414"
St Patrick Subway Station,147 University Ave,4,"43.643667,-79.380414"
King Subway Station,70 Yonge St,4,"43.643667,-79.380414"
Osgoode SUBWAY Station,250 University Ave,4,"43.643667,-79.380414"
Sherbourne Subway Station,420 Bloor St E,2,"43.666233,-79.373327"
Wellesley Subway Station,551 Yonge St,2,"43.666233,-79.373327"
,,0,"43.640114,-79.393249"
,,0,"43.6366666666667,-79.4197222222222"
,,0,"43.653766,-79.4016759"
Lansdowne Subway Station,1287 Bloor St W,3,"43.6587734,-79.443054"
Bloor-Danforth Subway Line,,3,"43.6587734,-79.443054"
Dundas West Subway Station,1525 Bloor St W,3,"43.6587734,-79.443054"
Bloor-Danforth Subway Line,,3,"43.6538888888889,-79.4413888888889"
Lansdowne Subway Station,1287 Bloor St W,3,"43.6538888888889,-79.4413888888889"
Dundas West Subway Station,1525 Bloor St W,3,"43.6538888888889,-79.4413888888889"
Bloor-Danforth Subway Line,,2,"43.6508333333333,-79.4430555555556"
Lansdowne Subway Station,1287 Bloor St W,2,"43.6508333333333,-79.4430555555556"
Bloor-Danforth Subway Line,,2,"43.651238,-79.43868"
Lansdowne Subway Station,1287 Bloor St W,2,"43.651238,-79.43868"
,,0,"43.6544915,-79.422634"
,,0,"43.6543604,-79.4655296"
,,0,"43.635932,-79.465083"
Dundas West Subway Station,1525 Bloor St W,1,"43.654501,-79.460053"
,,0,"43.637894,-79.454823"
,,0,"43.634896,-79.467763"
,,0,"43.6535269,-79.4650569"
,,0,"43.6314,-79.4304"
,,0,"43.636731,-79.444966"
Dundas West Subway Station,1525 Bloor St W,3,"43.6534268,-79.4512787"
Bloor-Danforth Subway Line,,3,"43.6534268,-79.4512787"
Lansdowne Subway Station,1287 Bloor St W,3,"43.6534268,-79.4512787"
,,0,"43.7112153,-79.39894"
St Patrick Subway Station,449 University Ave,5,"43.655227,-79.39201"
Queen's Park Subway Station,505 University Ave,5,"43.655227,-79.39201"
Osgoode SUBWAY Station,250 University Ave,5,"43.655227,-79.39201"
Dundas Subway Station,300 Yonge St,5,"43.655227,-79.39201"
St Patrick Subway Station,147 University Ave,5,"43.655227,-79.39201"
Pape Subway Station,743 Pape Ave,2,"43.685167,-79.34962"
Chester Subway Station,22 Chester Ave,2,"43.685167,-79.34962"
Bloor-Yonge Subway Station,20 Bloor St E,4,"43.6704537,-79.39014"
Rosedale Subway Station,1009 Yonge St,4,"43.6704537,-79.39014"
Wellesley Subway Station,551 Yonge St,4,"43.6704537,-79.39014"
St. George Subway Station,323 Bloor St W,4,"43.6704537,-79.39014"
Bloor-Yonge Subway Station,20 Bloor St E,4,"43.6691099,-79.38551"
Wellesley Subway Station,551 Yonge St,4,"43.6691099,-79.38551"
Sherbourne Subway Station,420 Bloor St E,4,"43.6691099,-79.38551"
Rosedale Subway Station,1009 Yonge St,4,"43.6691099,-79.38551"
,,0,"43.641389,-79.404444"
,,0,"43.643834,-79.396649"
St Patrick Subway Station,449 University Ave,5,"43.6545174,-79.3895315"
Osgoode SUBWAY Station,250 University Ave,5,"43.6545174,-79.3895315"
Queen's Park Subway Station,505 University Ave,5,"43.6545174,-79.3895315"
Dundas Subway Station,300 Yonge St,5,"43.6545174,-79.3895315"
St Patrick Subway Station,147 University Ave,5,"43.6545174,-79.3895315"
Spadina Subway Station,371 Bloor St W,3,"43.665846,-79.404998"
Spadina Station North Entrance,68 Spadina Rd,3,"43.665846,-79.404998"
St. George Subway Station,323 Bloor St W,3,"43.665846,-79.404998"
St Patrick Subway Station,147 University Ave,4,"43.6461,-79.3895"
Osgoode SUBWAY Station,250 University Ave,4,"43.6461,-79.3895"
Union Subway Station,55 Front St E,4,"43.6461,-79.3895"
St Patrick Subway Station,449 University Ave,4,"43.6461,-79.3895"
,,0,"43.671349,-79.29451"
,,0,"43.667208,-79.312315"
,,0,"43.669328,-79.288949"
,,0,"43.672571,-79.289"
,,0,"43.638497,-79.39192"
,,0,"43.662771,-79.315223"
,,0,"43.66852,-79.363525"
,,0,"43.652473,-79.401456"
,,0,"43.643975,-79.419576"
,,0,"43.651318,-79.36023"
Dundas Subway Station,300 Yonge St,6,"43.656094,-79.381484"
St Patrick Subway Station,449 University Ave,6,"43.656094,-79.381484"
Osgoode SUBWAY Station,250 University Ave,6,"43.656094,-79.381484"
King Subway Station,70 Yonge St,6,"43.656094,-79.381484"
Queen's Park Subway Station,505 University Ave,6,"43.656094,-79.381484"
St Patrick Subway Station,147 University Ave,6,"43.656094,-79.381484"
Spadina Station North Entrance,68 Spadina Rd,3,"43.670318,-79.405181"
Spadina Subway Station,371 Bloor St W,3,"43.670318,-79.405181"
St. George Subway Station,323 Bloor St W,3,"43.670318,-79.405181"
,,0,"43.676667,-79.416111"
,,0,"43.640634,-79.435841"
,,0,"43.639444,-79.423611"
,,0,"43.67,-79.42083333333333"
Spadina Station North Entrance,68 Spadina Rd,1,"43.671389,-79.416389"
,,0,"43.68,-79.42500000000001"
,,0,"43.6394444,-79.42527777777778"
Spadina Station North Entrance,68 Spadina Rd,2,"43.675791,-79.40698"
Spadina Subway Station,371 Bloor St W,2,"43.675791,-79.40698"
Spadina Station North Entrance,68 Spadina Rd,1,"43.675556,-79.410278"
Spadina Station North Entrance,68 Spadina Rd,1,"43.674444,-79.414722"
Spadina Station North Entrance,68 Spadina Rd,3,"43.671513,-79.408317"
Spadina Subway Station,371 Bloor St W,3,"43.671513,-79.408317"
St. George Subway Station,323 Bloor St W,3,"43.671513,-79.408317"
Broadview Subway Station,90 Danforth Ave,2,"43.6783213,-79.35822"
Chester Subway Station,22 Chester Ave,2,"43.6783213,-79.35822"
Chester Subway Station,22 Chester Ave,2,"43.6848652,-79.356602"
Broadview Subway Station,90 Danforth Ave,2,"43.6848652,-79.356602"
Pape Subway Station,743 Pape Ave,3,"43.68395,-79.347046"
Chester Subway Station,22 Chester Ave,3,"43.68395,-79.347046"
Donlands Subway Station,990 Danforth Ave,3,"43.68395,-79.347046"
,,0,"43.690537,-79.341307"
Future Subway Stop,846 Eglinton Ave W,1,"43.704461,-79.423122"
,,0,"43.659195,-79.329196"
,,0,"43.651885,-79.3649"
,,0,"43.682645,-79.377557"
,,0,"43.6475,-79.43305555555555"
Osgoode SUBWAY Station,250 University Ave,3,"43.6494896,-79.393535"
St Patrick Subway Station,147 University Ave,3,"43.6494896,-79.393535"
St Patrick Subway Station,449 University Ave,3,"43.6494896,-79.393535"
,,0,"43.671526,-79.44874"
Union Subway Station,55 Front St E,4,"43.6451635,-79.3831757"
St Patrick Subway Station,147 University Ave,4,"43.6451635,-79.3831757"
King Subway Station,70 Yonge St,4,"43.6451635,-79.3831757"
Osgoode SUBWAY Station,250 University Ave,4,"43.6451635,-79.3831757"
Union Subway Station,55 Front St E,4,"43.6452972,-79.3827914"
St Patrick Subway Station,147 University Ave,4,"43.6452972,-79.3827914"
King Subway Station,70 Yonge St,4,"43.6452972,-79.3827914"
Osgoode SUBWAY Station,250 University Ave,4,"43.6452972,-79.3827914"
St Patrick Subway Station,147 University Ave,2,"43.6452091,-79.3960744"
Osgoode SUBWAY Station,250 University Ave,2,"43.6452091,-79.3960744"
Bloor-Danforth Subway Line,,2,"43.6555556,-79.43361111111112"
Lansdowne Subway Station,1287 Bloor St W,2,"43.6555556,-79.43361111111112"
Rosedale Subway Station,1009 Yonge St,3,"43.678077,-79.390328"
Summerhill Subway Station,1189 Yonge St,3,"43.678077,-79.390328"
Bloor-Yonge Subway Station,20 Bloor St E,3,"43.678077,-79.390328"
,,0,"43.645665,-79.415345"
,,0,"43.6493472,-79.42668"
,,0,"43.667266,-79.443946"
,,0,"43.660207,-79.361275"
King Subway Station,70 Yonge St,1,"43.648655,-79.367061"
Osgoode SUBWAY Station,250 University Ave,5,"43.648711,-79.389728"
St Patrick Subway Station,147 University Ave,5,"43.648711,-79.389728"
St Patrick Subway Station,449 University Ave,5,"43.648711,-79.389728"
Union Subway Station,55 Front St E,5,"43.648711,-79.389728"
King Subway Station,70 Yonge St,5,"43.648711,-79.389728"
,,0,"43.6605603,-79.3437663"
,,0,"43.6561111,-79.36138888888888"
,,0,"43.652219,-79.354455"
,,0,"43.650279,-79.356832"
,,0,"43.652686,-79.358395"
Osgoode SUBWAY Station,250 University Ave,3,"43.649147,-79.395504"
St Patrick Subway Station,449 University Ave,3,"43.649147,-79.395504"
St Patrick Subway Station,147 University Ave,3,"43.649147,-79.395504"
Union Subway Station,55 Front St E,3,"43.643795,-79.375413"
King Subway Station,70 Yonge St,3,"43.643795,-79.375413"
St Patrick Subway Station,147 University Ave,3,"43.643795,-79.375413"
Queen's Park Subway Station,505 University Ave,3,"43.662085,-79.397735"
St. George Subway Station,323 Bloor St W,3,"43.662085,-79.397735"
Spadina Subway Station,371 Bloor St W,3,"43.662085,-79.397735"
,,0,"43.659575,-79.365769"
,,0,"43.65205,-79.362198"
St. George Subway Station,323 Bloor St W,7,"43.668456,-79.393899"
Bloor-Yonge Subway Station,20 Bloor St E,7,"43.668456,-79.393899"
Spadina Subway Station,371 Bloor St W,7,"43.668456,-79.393899"
Wellesley Subway Station,551 Yonge St,7,"43.668456,-79.393899"
Spadina Station North Entrance,68 Spadina Rd,7,"43.668456,-79.393899"
Queen's Park Subway Station,505 University Ave,7,"43.668456,-79.393899"
Rosedale Subway Station,1009 Yonge St,7,"43.668456,-79.393899"
,,0,"43.639052,-79.399792"
,,0,"43.6448617,-79.42822"
,,0,"43.6563888888889,-79.4091666666667"
,,0,"43.6409,-79.432837"
,,0,"43.6430555555556,-79.4275"
,,0,"43.660414,-79.415646"
Spadina Subway Station,371 Bloor St W,3,"43.661975,-79.407896"
Spadina Station North Entrance,68 Spadina Rd,3,"43.661975,-79.407896"
St. George Subway Station,323 Bloor St W,3,"43.661975,-79.407896"
,,0,"43.65905,-79.422988"
Spadina Subway Station,371 Bloor St W,1,"43.66,-79.4088888888889"
Coxwell Subway Station,1568 Danforth Ave,2,"43.690564,-79.326319"
Greenwood Subway Station,1177 Danforth Ave,2,"43.690564,-79.326319"
Coxwell Subway Station,1568 Danforth Ave,1,"43.686829,-79.311073"
,,0,"43.688325,-79.300463"
Dundas West Subway Station,1525 Bloor St W,1,"43.65716,-79.46478"
,,0,"43.6525077,-79.4654233"
Broadview Subway Station,90 Danforth Ave,2,"43.6772,-79.35858"
Chester Subway Station,22 Chester Ave,2,"43.6772,-79.35858"
Wellesley Subway Station,551 Yonge St,3,"43.662712,-79.379903"
Dundas Subway Station,300 Yonge St,3,"43.662712,-79.379903"
Queen's Park Subway Station,505 University Ave,3,"43.662712,-79.379903"
Dundas Subway Station,300 Yonge St,5,"43.658938,-79.383518"
Queen's Park Subway Station,505 University Ave,5,"43.658938,-79.383518"
St Patrick Subway Station,449 University Ave,5,"43.658938,-79.383518"
Wellesley Subway Station,551 Yonge St,5,"43.658938,-79.383518"
Osgoode SUBWAY Station,250 University Ave,5,"43.658938,-79.383518"
Coxwell Subway Station,1568 Danforth Ave,2,"43.683378,-79.322961"
Greenwood Subway Station,1177 Danforth Ave,2,"43.683378,-79.322961"
Union Subway Station,55 Front St E,3,"43.6425636,-79.3762"
King Subway Station,70 Yonge St,3,"43.6425636,-79.3762"
St Patrick Subway Station,147 University Ave,3,"43.6425636,-79.3762"
Dundas West Subway Station,1525 Bloor St W,3,"43.6521,-79.4486"
Bloor-Danforth Subway Line,,3,"43.6521,-79.4486"
Lansdowne Subway Station,1287 Bloor St W,3,"43.6521,-79.4486"
Bloor-Yonge Subway Station,20 Bloor St E,4,"43.669969,-79.386532"
Wellesley Subway Station,551 Yonge St,4,"43.669969,-79.386532"
Rosedale Subway Station,1009 Yonge St,4,"43.669969,-79.386532"
Sherbourne Subway Station,420 Bloor St E,4,"43.669969,-79.386532"
,,0,"43.633473,-79.425679"
,,0,"43.630254,-79.420317"
,,0,"43.662403,-79.423098"
,,0,"43.656945,-79.424911"
,,0,"43.6817346,-79.4184725"
,,0,"43.683296,-79.418734"
,,0,"43.673831,-79.281455"
,,0,"43.666325,-79.3014"
,,0,"43.651145,-79.423742"
St Patrick Subway Station,449 University Ave,2,"43.654905,-79.398448"
Queen's Park Subway Station,505 University Ave,2,"43.654905,-79.398448"
King Subway Station,70 Yonge St,1,"43.651118,-79.369411"
,,0,"43.6571,-79.4056"
Osgoode SUBWAY Station,250 University Ave,3,"43.650033,-79.396555"
St Patrick Subway Station,449 University Ave,3,"43.650033,-79.396555"
St Patrick Subway Station,147 University Ave,3,"43.650033,-79.396555"
St Patrick Subway Station,449 University Ave,4,"43.652823,-79.393388"
Osgoode SUBWAY Station,250 University Ave,4,"43.652823,-79.393388"
Queen's Park Subway Station,505 University Ave,4,"43.652823,-79.393388"
St Patrick Subway Station,147 University Ave,4,"43.652823,-79.393388"
Wellesley Subway Station,551 Yonge St,3,"43.665527,-79.387499"
Bloor-Yonge Subway Station,20 Bloor St E,3,"43.665527,-79.387499"
Queen's Park Subway Station,505 University Ave,3,"43.665527,-79.387499"
Dundas Subway Station,300 Yonge St,2,"43.6582,-79.3768"
Wellesley Subway Station,551 Yonge St,2,"43.6582,-79.3768"
Broadview Subway Station,90 Danforth Ave,2,"43.671172,-79.354704"
Chester Subway Station,22 Chester Ave,2,"43.671172,-79.354704"
Broadview Subway Station,90 Danforth Ave,2,"43.677076,-79.35667"
Chester Subway Station,22 Chester Ave,2,"43.677076,-79.35667"
Pape Subway Station,743 Pape Ave,3,"43.680223,-79.344062"
Donlands Subway Station,990 Danforth Ave,3,"43.680223,-79.344062"
Chester Subway Station,22 Chester Ave,3,"43.680223,-79.344062"
Pape Subway Station,743 Pape Ave,4,"43.678401,-79.346289"
Chester Subway Station,22 Chester Ave,4,"43.678401,-79.346289"
Donlands Subway Station,990 Danforth Ave,4,"43.678401,-79.346289"
Broadview Subway Station,90 Danforth Ave,4,"43.678401,-79.346289"
Greenwood Subway Station,1177 Danforth Ave,3,"43.681991,-79.329455"
Donlands Subway Station,990 Danforth Ave,3,"43.681991,-79.329455"
Coxwell Subway Station,1568 Danforth Ave,3,"43.681991,-79.329455"
,,0,"43.6422222,-79.41111111111111"
Spadina Subway Station,371 Bloor St W,3,"43.663808,-79.410491"
Spadina Station North Entrance,68 Spadina Rd,3,"43.663808,-79.410491"
St. George Subway Station,323 Bloor St W,3,"43.663808,-79.410491"
Spadina Station North Entrance,68 Spadina Rd,3,"43.6666667,-79.41166666666668"
Spadina Subway Station,371 Bloor St W,3,"43.6666667,-79.41166666666668"
St. George Subway Station,323 Bloor St W,3,"43.6666667,-79.41166666666668"
,,0,"43.6638889,-79.41888888888889"
,,0,"43.661705,-79.425734"
,,0,"43.6686111,-79.42027777777778"
,,0,"43.665327,-79.43235"
Bloor-Danforth Subway Line,,2,"43.657343,-79.43112"
Lansdowne Subway Station,1287 Bloor St W,2,"43.657343,-79.43112"
,,0,"43.645324,-79.40345"
,,0,"43.650256,-79.36163"
,,0,"43.65111111111111,-79.4213888888889"
,,0,"43.656296,-79.414663"
,,0,"43.649722,-79.416944"
,,0,"43.651281,-79.411717"
,,0,"43.65277778,-79.42972222"
,,0,"43.655,-79.418889"
,,0,"43.668553,-79.338673"
,,0,"43.663912,-79.327987"
St Patrick Subway Station,147 University Ave,5,"43.6462176,-79.3855048"
Union Subway Station,55 Front St E,5,"43.6462176,-79.3855048"
Osgoode SUBWAY Station,250 University Ave,5,"43.6462176,-79.3855048"
King Subway Station,70 Yonge St,5,"43.6462176,-79.3855048"
St Patrick Subway Station,449 University Ave,5,"43.6462176,-79.3855048"
,,0,"43.69595,-79.328535"
Pape Subway Station,743 Pape Ave,4,"43.6753188,-79.3462789"
Chester Subway Station,22 Chester Ave,4,"43.6753188,-79.3462789"
Donlands Subway Station,990 Danforth Ave,4,"43.6753188,-79.3462789"
Broadview Subway Station,90 Danforth Ave,4,"43.6753188,-79.3462789"
Chester Subway Station,22 Chester Ave,2,"43.6720273,-79.3470557"
Pape Subway Station,743 Pape Ave,2,"43.6720273,-79.3470557"
,,0,"43.637981,-79.424146"
,,0,"43.640885,-79.416379"
,,0,"43.6552778,-79.36583333333333"
Sherbourne Subway Station,420 Bloor St E,3,"43.6712581,-79.376367"
Bloor-Yonge Subway Station,20 Bloor St E,3,"43.6712581,-79.376367"
Wellesley Subway Station,551 Yonge St,3,"43.6712581,-79.376367"
,,0,"43.664524,-79.36793"
,,0,"43.665867,-79.362506"
King Subway Station,70 Yonge St,6,"43.648575,-79.380042"
Union Subway Station,55 Front St E,6,"43.648575,-79.380042"
St Patrick Subway Station,147 University Ave,6,"43.648575,-79.380042"
Osgoode SUBWAY Station,250 University Ave,6,"43.648575,-79.380042"
Dundas Subway Station,300 Yonge St,6,"43.648575,-79.380042"
St Patrick Subway Station,449 University Ave,6,"43.648575,-79.380042"
St Patrick Subway Station,147 University Ave,3,"43.643473,-79.390477"
Osgoode SUBWAY Station,250 University Ave,3,"43.643473,-79.390477"
Union Subway Station,55 Front St E,3,"43.643473,-79.390477"
St Patrick Subway Station,147 University Ave,5,"43.645859,-79.38783"
Osgoode SUBWAY Station,250 University Ave,5,"43.645859,-79.38783"
Union Subway Station,55 Front St E,5,"43.645859,-79.38783"
King Subway Station,70 Yonge St,5,"43.645859,-79.38783"
St Patrick Subway Station,449 University Ave,5,"43.645859,-79.38783"
,,0,"43.662132,-79.3656796"
St Patrick Subway Station,147 University Ave,1,"43.640722,-79.391051"
Wellesley Subway Station,551 Yonge St,2,"43.66207,-79.37617"
Dundas Subway Station,300 Yonge St,2,"43.66207,-79.37617"
,,0,"43.660206,-79.3244"
,,0,"43.668633,-79.291162"
Wellesley Subway Station,551 Yonge St,4,"43.665801,-79.384796"
Bloor-Yonge Subway Station,20 Bloor St E,4,"43.665801,-79.384796"
Queen's Park Subway Station,505 University Ave,4,"43.665801,-79.384796"
Sherbourne Subway Station,420 Bloor St E,4,"43.665801,-79.384796"
Bloor-Yonge Subway Station,20 Bloor St E,5,"43.668153,-79.38891"
Wellesley Subway Station,551 Yonge St,5,"43.668153,-79.38891"
St. George Subway Station,323 Bloor St W,5,"43.668153,-79.38891"
Queen's Park Subway Station,505 University Ave,5,"43.668153,-79.38891"
Rosedale Subway Station,1009 Yonge St,5,"43.668153,-79.38891"
Dundas Subway Station,300 Yonge St,3,"43.657024,-79.377257"
King Subway Station,70 Yonge St,3,"43.657024,-79.377257"
St Patrick Subway Station,449 University Ave,3,"43.657024,-79.377257"
Wellesley Subway Station,551 Yonge St,5,"43.662862,-79.383572"
Queen's Park Subway Station,505 University Ave,5,"43.662862,-79.383572"
Dundas Subway Station,300 Yonge St,5,"43.662862,-79.383572"
Bloor-Yonge Subway Station,20 Bloor St E,5,"43.662862,-79.383572"
St Patrick Subway Station,449 University Ave,5,"43.662862,-79.383572"
King Subway Station,70 Yonge St,6,"43.652276,-79.380701"
Dundas Subway Station,300 Yonge St,6,"43.652276,-79.380701"
Osgoode SUBWAY Station,250 University Ave,6,"43.652276,-79.380701"
St Patrick Subway Station,147 University Ave,6,"43.652276,-79.380701"
St Patrick Subway Station,449 University Ave,6,"43.652276,-79.380701"
Union Subway Station,55 Front St E,6,"43.652276,-79.380701"
,,0,"43.7063473,-79.40161"
,,0,"43.6978701,-79.39419"
,,0,"43.696708,-79.40045"
King Subway Station,70 Yonge St,4,"43.6476616,-79.37549"
Union Subway Station,55 Front St E,4,"43.6476616,-79.37549"
St Patrick Subway Station,147 University Ave,4,"43.6476616,-79.37549"
Osgoode SUBWAY Station,250 University Ave,4,"43.6476616,-79.37549"
King Subway Station,70 Yonge St,2,"43.6487245,-79.36839"
Union Subway Station,55 Front St E,2,"43.6487245,-79.36839"
,,0,"43.667819,-79.35347"
Wellesley Subway Station,551 Yonge St,2,"43.663102,-79.373181"
Dundas Subway Station,300 Yonge St,2,"43.663102,-79.373181"
King Subway Station,70 Yonge St,6,"43.64852,-79.380576"
Union Subway Station,55 Front St E,6,"43.64852,-79.380576"
St Patrick Subway Station,147 University Ave,6,"43.64852,-79.380576"
Osgoode SUBWAY Station,250 University Ave,6,"43.64852,-79.380576"
Dundas Subway Station,300 Yonge St,6,"43.64852,-79.380576"
St Patrick Subway Station,449 University Ave,6,"43.64852,-79.380576"
St Patrick Subway Station,449 University Ave,6,"43.656026,-79.385327"
Dundas Subway Station,300 Yonge St,6,"43.656026,-79.385327"
Osgoode SUBWAY Station,250 University Ave,6,"43.656026,-79.385327"
Queen's Park Subway Station,505 University Ave,6,"43.656026,-79.385327"
St Patrick Subway Station,147 University Ave,6,"43.656026,-79.385327"
King Subway Station,70 Yonge St,6,"43.656026,-79.385327"
St Patrick Subway Station,147 University Ave,2,"43.645323,-79.395003"
Osgoode SUBWAY Station,250 University Ave,2,"43.645323,-79.395003"
Spadina Station North Entrance,68 Spadina Rd,1,"43.677778,-79.405556"
Union Subway Station,55 Front St E,2,"43.641646,-79.375308"
King Subway Station,70 Yonge St,2,"43.641646,-79.375308"
Union Subway Station,55 Front St E,4,"43.646162,-79.378912"
King Subway Station,70 Yonge St,4,"43.646162,-79.378912"
St Patrick Subway Station,147 University Ave,4,"43.646162,-79.378912"
Osgoode SUBWAY Station,250 University Ave,4,"43.646162,-79.378912"
,,0,"43.687323,-79.304848"
Sherbourne Subway Station,420 Bloor St E,3,"43.668991,-79.379385"
Bloor-Yonge Subway Station,20 Bloor St E,3,"43.668991,-79.379385"
Wellesley Subway Station,551 Yonge St,3,"43.668991,-79.379385"
Wellesley Subway Station,551 Yonge St,5,"43.6622222,-79.3825"
Queen's Park Subway Station,505 University Ave,5,"43.6622222,-79.3825"
Dundas Subway Station,300 Yonge St,5,"43.6622222,-79.3825"
St Patrick Subway Station,449 University Ave,5,"43.6622222,-79.3825"
Bloor-Yonge Subway Station,20 Bloor St E,5,"43.6622222,-79.3825"
,,0,"43.64333333333333,-79.40555555555557"
Queen's Park Subway Station,505 University Ave,3,"43.6575,-79.39527777777778"
St Patrick Subway Station,449 University Ave,3,"43.6575,-79.39527777777778"
Osgoode SUBWAY Station,250 University Ave,3,"43.6575,-79.39527777777778"
Dundas Subway Station,300 Yonge St,6,"43.657424,-79.381019"
St Patrick Subway Station,449 University Ave,6,"43.657424,-79.381019"
Queen's Park Subway Station,505 University Ave,6,"43.657424,-79.381019"
Osgoode SUBWAY Station,250 University Ave,6,"43.657424,-79.381019"
Wellesley Subway Station,551 Yonge St,6,"43.657424,-79.381019"
King Subway Station,70 Yonge St,6,"43.657424,-79.381019"
Union Subway Station,55 Front St E,4,"43.64595,-79.378761"
King Subway Station,70 Yonge St,4,"43.64595,-79.378761"
St Patrick Subway Station,147 University Ave,4,"43.64595,-79.378761"
Osgoode SUBWAY Station,250 University Ave,4,"43.64595,-79.378761"
Bloor-Yonge Subway Station,20 Bloor St E,5,"43.668427,-79.38725"
Wellesley Subway Station,551 Yonge St,5,"43.668427,-79.38725"
Rosedale Subway Station,1009 Yonge St,5,"43.668427,-79.38725"
Queen's Park Subway Station,505 University Ave,5,"43.668427,-79.38725"
Sherbourne Subway Station,420 Bloor St E,5,"43.668427,-79.38725"
Bloor-Yonge Subway Station,20 Bloor St E,4,"43.669604,-79.381171"
Sherbourne Subway Station,420 Bloor St E,4,"43.669604,-79.381171"
Wellesley Subway Station,551 Yonge St,4,"43.669604,-79.381171"
Rosedale Subway Station,1009 Yonge St,4,"43.669604,-79.381171"
,,0,"43.661673,-79.337789"
,,0,"43.665656,-79.352055"
,,0,"43.6308933,-79.4722622"
,,0,"43.6224434,-79.480284"
St. George Subway Station,323 Bloor St W,3,"43.66986,-79.398443"
Spadina Subway Station,371 Bloor St W,3,"43.66986,-79.398443"
Spadina Station North Entrance,68 Spadina Rd,3,"43.66986,-79.398443"
,,0,"43.659471,-79.350325"
Dundas West Subway Station,1525 Bloor St W,1,"43.650492,-79.450842"
,,0,"43.640255,-79.439223"
,,0,"43.637922,-79.431734"
,,0,"43.643769,-79.447915"
,,0,"43.649172,-79.4445087"
,,0,"43.663912,-79.416124"
St Patrick Subway Station,147 University Ave,4,"43.6458569,-79.3853654"
Union Subway Station,55 Front St E,4,"43.6458569,-79.3853654"
Osgoode SUBWAY Station,250 University Ave,4,"43.6458569,-79.3853654"
King Subway Station,70 Yonge St,4,"43.6458569,-79.3853654"
,,0,"43.66587,-79.33443"
,,0,"43.658816,-79.367318"
Bloor-Danforth Subway Line,,3,"43.654004,-79.444792"
Lansdowne Subway Station,1287 Bloor St W,3,"43.654004,-79.444792"
Dundas West Subway Station,1525 Bloor St W,3,"43.654004,-79.444792"
,,0,"43.6397,-79.44865"
,,0,"43.653809,-79.3595"
Rosedale Subway Station,1009 Yonge St,4,"43.673768,-79.391253"
Bloor-Yonge Subway Station,20 Bloor St E,4,"43.673768,-79.391253"
St. George Subway Station,323 Bloor St W,4,"43.673768,-79.391253"
Summerhill Subway Station,1189 Yonge St,4,"43.673768,-79.391253"
St Patrick Subway Station,449 University Ave,3,"43.654074,-79.398115"
Queen's Park Subway Station,505 University Ave,3,"43.654074,-79.398115"
Osgoode SUBWAY Station,250 University Ave,3,"43.654074,-79.398115"
,,0,"43.656638,-79.358749"
,,0,"43.716652,-79.399993"
,,0,"43.684261,-79.299332"
,,0,"43.678685,-79.297974"
Jane Subway Station,2440 Bloor St W,1,"43.65143,-79.47779"
Jane Subway Station,2440 Bloor St W,1,"43.64976,-79.48477"
Lansdowne Subway Station,1287 Bloor St W,3,"43.664182,-79.449066"
Bloor-Danforth Subway Line,,3,"43.664182,-79.449066"
Dundas West Subway Station,1525 Bloor St W,3,"43.664182,-79.449066"
St Patrick Subway Station,147 University Ave,2,"43.64407,-79.3929"
Osgoode SUBWAY Station,250 University Ave,2,"43.64407,-79.3929"
,,0,"43.61868,-79.48674"
St Patrick Subway Station,147 University Ave,4,"43.6442,-79.38702"
Union Subway Station,55 Front St E,4,"43.6442,-79.38702"
Osgoode SUBWAY Station,250 University Ave,4,"43.6442,-79.38702"
King Subway Station,70 Yonge St,4,"43.6442,-79.38702"
Union Subway Station,55 Front St E,4,"43.64283,-79.38409"
St Patrick Subway Station,147 University Ave,4,"43.64283,-79.38409"
King Subway Station,70 Yonge St,4,"43.64283,-79.38409"
Osgoode SUBWAY Station,250 University Ave,4,"43.64283,-79.38409"
Jane Subway Station,2440 Bloor St W,1,"43.65182,-79.47421"
,,0,"43.685569,-79.408019"
King Subway Station,70 Yonge St,5,"43.651678,-79.375233"
Dundas Subway Station,300 Yonge St,5,"43.651678,-79.375233"
Union Subway Station,55 Front St E,5,"43.651678,-79.375233"
St Patrick Subway Station,147 University Ave,5,"43.651678,-79.375233"
Osgoode SUBWAY Station,250 University Ave,5,"43.651678,-79.375233"
King Subway Station,70 Yonge St,6,"43.651838,-79.378743"
Dundas Subway Station,300 Yonge St,6,"43.651838,-79.378743"
Osgoode SUBWAY Station,250 University Ave,6,"43.651838,-79.378743"
St Patrick Subway Station,147 University Ave,6,"43.651838,-79.378743"
Union Subway Station,55 Front St E,6,"43.651838,-79.378743"
St Patrick Subway Station,449 University Ave,6,"43.651838,-79.378743"
,,0,"43.645653,-79.464366"
St. George Subway Station,323 Bloor St W,5,"43.665221,-79.394009"
Queen's Park Subway Station,505 University Ave,5,"43.665221,-79.394009"
Wellesley Subway Station,551 Yonge St,5,"43.665221,-79.394009"
Spadina Subway Station,371 Bloor St W,5,"43.665221,-79.394009"
Bloor-Yonge Subway Station,20 Bloor St E,5,"43.665221,-79.394009"
,,0,"43.688148,-79.362101"
Sherbourne Subway Station,420 Bloor St E,3,"43.669232,-79.374495"
Wellesley Subway Station,551 Yonge St,3,"43.669232,-79.374495"
Bloor-Yonge Subway Station,20 Bloor St E,3,"43.669232,-79.374495"
,,0,"43.640075,-79.414156"
Pape Subway Station,743 Pape Ave,4,"43.678285,-79.347346"
Chester Subway Station,22 Chester Ave,4,"43.678285,-79.347346"
Donlands Subway Station,990 Danforth Ave,4,"43.678285,-79.347346"
Broadview Subway Station,90 Danforth Ave,4,"43.678285,-79.347346"
,,0,"43.697139,-79.31469"
Victoria Park Subway Station,777 Victoria Park Ave,1,"43.694826,-79.295208"
,,0,"43.673118,-79.318651"
Victoria Park Subway Station,777 Victoria Park Ave,1,"43.689293,-79.295895"
,,0,"43.66908,-79.3149"
,,0,"43.66073,-79.47149"
,,0,"43.63121,-79.41414"
,,0,"43.66189,-79.42679"
,,0,"43.65389,-79.4675"
,,0,"43.676697,-79.445029"
,,0,"43.68114,-79.4277"
,,0,"43.663148,-79.347938"
,,0,"43.669813,-79.3335"
,,0,"43.633537,-79.437461"
,,0,"43.663162,-79.309765"
,,0,"43.63632,-79.47307"
,,0,"43.697819,-79.38786"
,,0,"43.638426,-79.429142"
Dundas Subway Station,300 Yonge St,4,"43.65988,-79.38279"
Wellesley Subway Station,551 Yonge St,4,"43.65988,-79.38279"
Queen's Park Subway Station,505 University Ave,4,"43.65988,-79.38279"
St Patrick Subway Station,449 University Ave,4,"43.65988,-79.38279"
Spadina Subway Station,371 Bloor St W,3,"43.667023,-79.401805"
St. George Subway Station,323 Bloor St W,3,"43.667023,-79.401805"
Spadina Station North Entrance,68 Spadina Rd,3,"43.667023,-79.401805"
Spadina Station North Entrance,68 Spadina Rd,3,"43.66842,-79.410585"
Spadina Subway Station,371 Bloor St W,3,"43.66842,-79.410585"
St. George Subway Station,323 Bloor St W,3,"43.66842,-79.410585"
,,0,"43.66402,-79.46418"
,,0,"43.66686,-79.46526"
Sherbourne Subway Station,420 Bloor St E,1,"43.671278,-79.372127"
,,0,"43.635023,-79.399505"
Wellesley Subway Station,551 Yonge St,3,"43.66834,-79.38235"
Bloor-Yonge Subway Station,20 Bloor St E,3,"43.66834,-79.38235"
Sherbourne Subway Station,420 Bloor St E,3,"43.66834,-79.38235"
Osgoode SUBWAY Station,250 University Ave,6,"43.65263,-79.38766"
St Patrick Subway Station,449 University Ave,6,"43.65263,-79.38766"
St Patrick Subway Station,147 University Ave,6,"43.65263,-79.38766"
Dundas Subway Station,300 Yonge St,6,"43.65263,-79.38766"
Queen's Park Subway Station,505 University Ave,6,"43.65263,-79.38766"
King Subway Station,70 Yonge St,6,"43.65263,-79.38766"
Osgoode SUBWAY Station,250 University Ave,7,"43.65158,-79.38655"
St Patrick Subway Station,449 University Ave,7,"43.65158,-79.38655"
St Patrick Subway Station,147 University Ave,7,"43.65158,-79.38655"
Dundas Subway Station,300 Yonge St,7,"43.65158,-79.38655"
King Subway Station,70 Yonge St,7,"43.65158,-79.38655"
Union Subway Station,55 Front St E,7,"43.65158,-79.38655"
Queen's Park Subway Station,505 University Ave,7,"43.65158,-79.38655"
,,0,"43.70547,-79.40355"
,,0,"43.641675,-79.354006"
Victoria Park Subway Station,777 Victoria Park Ave,1,"43.694341,-79.291416"
Union Subway Station,55 Front St E,2,"43.64422,-79.36927"
King Subway Station,70 Yonge St,2,"43.64422,-79.36927"
,,0,"43.685924,-79.376304"
,,0,"43.645215,-79.364898"
Osgoode SUBWAY Station,250 University Ave,1,"43.6462574,-79.3973381"
,,0,"43.646677,-79.442741"
,,0,"43.63855,-79.46693"
,,0,"43.645599,-79.4657123"
,,0,"43.674923,-79.430465"
Coxwell Subway Station,1568 Danforth Ave,1,"43.684758,-79.316767"
Wellesley Subway Station,551 Yonge St,3,"43.66663,-79.38148"
Bloor-Yonge Subway Station,20 Bloor St E,3,"43.66663,-79.38148"
Sherbourne Subway Station,420 Bloor St E,3,"43.66663,-79.38148"
,,0,"43.685221,-79.294766"
,,0,"43.635492,-79.398253"
Union Subway Station,55 Front St E,2,"43.63951,-79.383717"
St Patrick Subway Station,147 University Ave,2,"43.63951,-79.383717"
St Patrick Subway Station,147 University Ave,2,"43.641529,-79.386741"
Union Subway Station,55 Front St E,2,"43.641529,-79.386741"
,,0,"43.6417852,-79.4131148"
Dundas Subway Station,300 Yonge St,6,"43.655766,-79.3802"
St Patrick Subway Station,449 University Ave,6,"43.655766,-79.3802"
King Subway Station,70 Yonge St,6,"43.655766,-79.3802"
Osgoode SUBWAY Station,250 University Ave,6,"43.655766,-79.3802"
Queen's Park Subway Station,505 University Ave,6,"43.655766,-79.3802"
St Patrick Subway Station,147 University Ave,6,"43.655766,-79.3802"
,,0,"43.680466,-79.432522"
Wellesley Subway Station,551 Yonge St,4,"43.664088,-79.387095"
Queen's Park Subway Station,505 University Ave,4,"43.664088,-79.387095"
Bloor-Yonge Subway Station,20 Bloor St E,4,"43.664088,-79.387095"
Dundas Subway Station,300 Yonge St,4,"43.664088,-79.387095"
,,0,"43.65917,-79.46997"
Sherbourne Subway Station,420 Bloor St E,4,"43.671535,-79.379173"
Bloor-Yonge Subway Station,20 Bloor St E,4,"43.671535,-79.379173"
Wellesley Subway Station,551 Yonge St,4,"43.671535,-79.379173"
Rosedale Subway Station,1009 Yonge St,4,"43.671535,-79.379173"
St Patrick Subway Station,147 University Ave,5,"43.646734,-79.38301"
Union Subway Station,55 Front St E,5,"43.646734,-79.38301"
King Subway Station,70 Yonge St,5,"43.646734,-79.38301"
Osgoode SUBWAY Station,250 University Ave,5,"43.646734,-79.38301"
St Patrick Subway Station,449 University Ave,5,"43.646734,-79.38301"
Spadina Subway Station,371 Bloor St W,3,"43.6662942,-79.4066433"
Spadina Station North Entrance,68 Spadina Rd,3,"43.6662942,-79.4066433"
St. George Subway Station,323 Bloor St W,3,"43.6662942,-79.4066433"
,,0,"43.675278,-79.423889"
King Subway Station,70 Yonge St,5,"43.648928,-79.378623"
Union Subway Station,55 Front St E,5,"43.648928,-79.378623"
St Patrick Subway Station,147 University Ave,5,"43.648928,-79.378623"
Osgoode SUBWAY Station,250 University Ave,5,"43.648928,-79.378623"
Dundas Subway Station,300 Yonge St,5,"43.648928,-79.378623"
King Subway Station,70 Yonge St,2,"43.6509552,-79.3707"
Union Subway Station,55 Front St E,2,"43.6509552,-79.3707"
,,0,"43.715951,-79.351246"
,,0,"43.665645,-79.304711"
St Patrick Subway Station,147 University Ave,2,"43.645572,-79.39399"
Osgoode SUBWAY Station,250 University Ave,2,"43.645572,-79.39399"
King Subway Station,70 Yonge St,3,"43.652777,-79.372637"
Dundas Subway Station,300 Yonge St,3,"43.652777,-79.372637"
Union Subway Station,55 Front St E,3,"43.652777,-79.372637"
Dundas West Subway Station,1525 Bloor St W,1,"43.665538,-79.451263"
King Subway Station,70 Yonge St,3,"43.650325,-79.372287"
Union Subway Station,55 Front St E,3,"43.650325,-79.372287"
Dundas Subway Station,300 Yonge St,3,"43.650325,-79.372287"
Bloor-Yonge Subway Station,20 Bloor St E,4,"43.66943,-79.38915"
Wellesley Subway Station,551 Yonge St,4,"43.66943,-79.38915"
Rosedale Subway Station,1009 Yonge St,4,"43.66943,-79.38915"
St. George Subway Station,323 Bloor St W,4,"43.66943,-79.38915"
Bloor-Yonge Subway Station,20 Bloor St E,4,"43.669244,-79.3894"
Wellesley Subway Station,551 Yonge St,4,"43.669244,-79.3894"
Rosedale Subway Station,1009 Yonge St,4,"43.669244,-79.3894"
St. George Subway Station,323 Bloor St W,4,"43.669244,-79.3894"
,,0,"43.688526,-79.412903"
,,0,"43.683351,-79.41562"
Dundas Subway Station,300 Yonge St,2,"43.6574766,-79.373446"
King Subway Station,70 Yonge St,2,"43.6574766,-79.373446"
,,0,"43.636611,-79.400042"
,,0,"43.646552,-79.406468"
Union Subway Station,55 Front St E,4,"43.647259,-79.379878"
King Subway Station,70 Yonge St,4,"43.647259,-79.379878"
St Patrick Subway Station,147 University Ave,4,"43.647259,-79.379878"
Osgoode SUBWAY Station,250 University Ave,4,"43.647259,-79.379878"
,,0,"43.713524,-79.400162"
King Subway Station,70 Yonge St,4,"43.65003919999999,-79.3733541"
Union Subway Station,55 Front St E,4,"43.65003919999999,-79.3733541"
Dundas Subway Station,300 Yonge St,4,"43.65003919999999,-79.3733541"
St Patrick Subway Station,147 University Ave,4,"43.65003919999999,-79.3733541"
Dundas Subway Station,300 Yonge St,7,"43.653264,-79.382458"
Osgoode SUBWAY Station,250 University Ave,7,"43.653264,-79.382458"
St Patrick Subway Station,449 University Ave,7,"43.653264,-79.382458"
King Subway Station,70 Yonge St,7,"43.653264,-79.382458"
St Patrick Subway Station,147 University Ave,7,"43.653264,-79.382458"
Union Subway Station,55 Front St E,7,"43.653264,-79.382458"
Queen's Park Subway Station,505 University Ave,7,"43.653264,-79.382458"
Queen's Park Subway Station,505 University Ave,4,"43.663376,-79.392125"
Wellesley Subway Station,551 Yonge St,4,"43.663376,-79.392125"
St. George Subway Station,323 Bloor St W,4,"43.663376,-79.392125"
Bloor-Yonge Subway Station,20 Bloor St E,4,"43.663376,-79.392125"
Queen's Park Subway Station,505 University Ave,4,"43.660439,-79.385525"
Wellesley Subway Station,551 Yonge St,4,"43.660439,-79.385525"
Dundas Subway Station,300 Yonge St,4,"43.660439,-79.385525"
St Patrick Subway Station,449 University Ave,4,"43.660439,-79.385525"
Queen's Park Subway Station,505 University Ave,5,"43.659226,-79.390213"
St Patrick Subway Station,449 University Ave,5,"43.659226,-79.390213"
Dundas Subway Station,300 Yonge St,5,"43.659226,-79.390213"
Wellesley Subway Station,551 Yonge St,5,"43.659226,-79.390213"
Osgoode SUBWAY Station,250 University Ave,5,"43.659226,-79.390213"
Queen's Park Subway Station,505 University Ave,4,"43.65995,-79.38964"
St Patrick Subway Station,449 University Ave,4,"43.65995,-79.38964"
Wellesley Subway Station,551 Yonge St,4,"43.65995,-79.38964"
Dundas Subway Station,300 Yonge St,4,"43.65995,-79.38964"
Queen's Park Subway Station,505 University Ave,4,"43.661803,-79.389682"
Wellesley Subway Station,551 Yonge St,4,"43.661803,-79.389682"
St Patrick Subway Station,449 University Ave,4,"43.661803,-79.389682"
Dundas Subway Station,300 Yonge St,4,"43.661803,-79.389682"
Queen's Park Subway Station,505 University Ave,4,"43.660087,-79.385655"
Wellesley Subway Station,551 Yonge St,4,"43.660087,-79.385655"
Dundas Subway Station,300 Yonge St,4,"43.660087,-79.385655"
St Patrick Subway Station,449 University Ave,4,"43.660087,-79.385655"
,,0,"43.6146692,-79.4873148"
,,0,"43.626265,-79.476723"
,,0,"43.63771,-79.458173"
,,0,"43.6390437,-79.4760109"
,,0,"43.6486599,-79.4376413"
,,0,"43.6423847,-79.4240277"
,,0,"43.6702236,-79.4360232"
,,0,"43.67883,-79.408723"
Sherbourne Subway Station,420 Bloor St E,3,"43.6752732,-79.3778458"
Bloor-Yonge Subway Station,20 Bloor St E,3,"43.6752732,-79.3778458"
Rosedale Subway Station,1009 Yonge St,3,"43.6752732,-79.3778458"
,,0,"43.645469,-79.411084"
,,0,"43.6882821,-79.4253856"
,,0,"43.651603,-79.408346"
Spadina Station North Entrance,68 Spadina Rd,3,"43.670206,-79.402643"
St. George Subway Station,323 Bloor St W,3,"43.670206,-79.402643"
Spadina Subway Station,371 Bloor St W,3,"43.670206,-79.402643"
,,0,"43.661559,-79.413845"
St Patrick Subway Station,449 University Ave,4,"43.6560758,-79.393259"
Queen's Park Subway Station,505 University Ave,4,"43.6560758,-79.393259"
Osgoode SUBWAY Station,250 University Ave,4,"43.6560758,-79.393259"
Dundas Subway Station,300 Yonge St,4,"43.6560758,-79.393259"
Queen's Park Subway Station,505 University Ave,4,"43.6580442,-79.3927404"
St Patrick Subway Station,449 University Ave,4,"43.6580442,-79.3927404"
Osgoode SUBWAY Station,250 University Ave,4,"43.6580442,-79.3927404"
Dundas Subway Station,300 Yonge St,4,"43.6580442,-79.3927404"
Queen's Park Subway Station,505 University Ave,2,"43.6568254,-79.3966159"
St Patrick Subway Station,449 University Ave,2,"43.6568254,-79.3966159"
,,0,"43.5927419,-79.54033009999999"
,,0,"43.597082,-79.522768"
,,0,"43.6171635,-79.4971065"
,,0,"43.612063,-79.496573"
,,0,"43.63732,-79.489083"
,,0,"43.5961692,-79.5160575"
,,0,"43.613606,-79.4883535"
,,0,"43.664665,-79.489385"
,,0,"43.665523,-79.484892"
,,0,"43.668496,-79.485426"
,,0,"43.698841,-79.519472"
,,0,"43.658574,-79.487246"
,,0,"43.63985,-79.43703"
,,0,"43.665076,-79.341509"
,,0,"43.6323994,-79.40978179999999"
,,0,"43.6935477,-79.3301658"
Jane Subway Station,2440 Bloor St W,1,"43.6438036,-79.4770327"
,,0,"43.65246,-79.413528"
,,0,"43.6548521,-79.35397680000001"
,,0,"43.630874,-79.482407"
,,0,"43.6704403,-79.45328549999999"
,,0,"43.6535,-79.354068"
,,0,"43.6617908,-79.361515"
,,0,"43.649709,-79.364184"
Sherbourne Subway Station,420 Bloor St E,2,"43.666051,-79.374161"
Wellesley Subway Station,551 Yonge St,2,"43.666051,-79.374161"
,,0,"43.7005976,-79.397345"
,,0,"43.7029672,-79.3979073"
St Clair Subway Station,1441 Yonge St,2,"43.68871,-79.39264"
Summerhill Subway Station,1189 Yonge St,2,"43.68871,-79.39264"
,,0,"43.6834703,-79.5108942"
York University Subway Station,120 Ian MacDonald Blvd,1,"43.7696262,-79.5025943"
Finch West Subway Station,3950 Keele St,1,"43.7641485,-79.5012809"
Finch West Subway Station,3950 Keele St,1,"43.76521,-79.491281"
,,0,"43.7724019,-79.4675395"
,,0,"43.7781116,-79.467963"
,,0,"43.707049,-79.40966"
,,0,"43.711751,-79.378615"
Lawrence Subway Station,3101 Yonge St,1,"43.732975,-79.40401"
Queen's Park Subway Station,505 University Ave,4,"43.660274,-79.398049"
St. George Subway Station,323 Bloor St W,4,"43.660274,-79.398049"
Spadina Subway Station,371 Bloor St W,4,"43.660274,-79.398049"
St Patrick Subway Station,449 University Ave,4,"43.660274,-79.398049"
,,0,"43.699281,-79.318802"
,,0,"43.707582,-79.311439"
Victoria Park Subway Station,777 Victoria Park Ave,1,"43.696631,-79.297436"
Osgoode SUBWAY Station,250 University Ave,3,"43.650077,-79.391291"
St Patrick Subway Station,147 University Ave,3,"43.650077,-79.391291"
St Patrick Subway Station,449 University Ave,3,"43.650077,-79.391291"
,,0,"43.6765897,-79.3163022"
Osgoode SUBWAY Station,250 University Ave,6,"43.650745,-79.383633"
St Patrick Subway Station,147 University Ave,6,"43.650745,-79.383633"
King Subway Station,70 Yonge St,6,"43.650745,-79.383633"
St Patrick Subway Station,449 University Ave,6,"43.650745,-79.383633"
Dundas Subway Station,300 Yonge St,6,"43.650745,-79.383633"
Union Subway Station,55 Front St E,6,"43.650745,-79.383633"
,,0,"43.720233,-79.362092"
,,0,"43.6926825,-79.441042"
,,0,"43.7041957,-79.4094472"
,,0,"43.7078691,-79.39248"
,,0,"43.591561,-79.545827"
,,0,"43.5880774,-79.5432067"
,,0,"43.754978,-79.1971289"
,,0,"43.6856,-79.3718"
,,0,"43.637764,-79.345359"
Spadina Subway Station,371 Bloor St W,4,"43.6629228,-79.4018451"
St. George Subway Station,323 Bloor St W,4,"43.6629228,-79.4018451"
Spadina Station North Entrance,68 Spadina Rd,4,"43.6629228,-79.4018451"
Queen's Park Subway Station,505 University Ave,4,"43.6629228,-79.4018451"
Queen's Park Subway Station,505 University Ave,4,"43.660296,-79.397107"
St. George Subway Station,323 Bloor St W,4,"43.660296,-79.397107"
St Patrick Subway Station,449 University Ave,4,"43.660296,-79.397107"
Spadina Subway Station,371 Bloor St W,4,"43.660296,-79.397107"
,,0,"43.788319,-79.123505"
,,0,"43.7805505,-79.1301203"
,,0,"43.7777114,-79.1659711"
,,0,"43.779353,-79.193023"
,,0,"43.747854,-79.199327"
,,0,"43.7561681,-79.2026694"
,,0,"43.6002896,-79.5108692"
,,0,"43.6615467,-79.498398"
Lansdowne Subway Station,1287 Bloor St W,2,"43.6632257,-79.4397052"
Bloor-Danforth Subway Line,,2,"43.6632257,-79.4397052"
,,0,"43.680095,-79.291714"
Victoria Park Subway Station,777 Victoria Park Ave,1,"43.691468,-79.288619"
Union Subway Station,55 Front St E,4,"43.645609,-79.380386"
St Patrick Subway Station,147 University Ave,4,"43.645609,-79.380386"
King Subway Station,70 Yonge St,4,"43.645609,-79.380386"
Osgoode SUBWAY Station,250 University Ave,4,"43.645609,-79.380386"
Queen's Park Subway Station,505 University Ave,5,"43.6591666666667,-79.3855555555556"
Dundas Subway Station,300 Yonge St,5,"43.6591666666667,-79.3855555555556"
St Patrick Subway Station,449 University Ave,5,"43.6591666666667,-79.3855555555556"
Wellesley Subway Station,551 Yonge St,5,"43.6591666666667,-79.3855555555556"
Osgoode SUBWAY Station,250 University Ave,5,"43.6591666666667,-79.3855555555556"
Dundas Subway Station,300 Yonge St,1,"43.658777,-79.369596"
,,0,"43.6625395,-79.5030161"
Future Subway Stop,846 Eglinton Ave W,1,"43.7004017,-79.4275305"
,,0,"43.77953,-79.45233"
,,0,"43.7774374,-79.4447096"
St. George Subway Station,323 Bloor St W,4,"43.6637403,-79.39806449999999"
Spadina Subway Station,371 Bloor St W,4,"43.6637403,-79.39806449999999"
Queen's Park Subway Station,505 University Ave,4,"43.6637403,-79.39806449999999"
Spadina Station North Entrance,68 Spadina Rd,4,"43.6637403,-79.39806449999999"
,,0,"43.707045,-79.375437"
King Subway Station,70 Yonge St,5,"43.6495789,-79.3762096"
Union Subway Station,55 Front St E,5,"43.6495789,-79.3762096"
St Patrick Subway Station,147 University Ave,5,"43.6495789,-79.3762096"
Dundas Subway Station,300 Yonge St,5,"43.6495789,-79.3762096"
Osgoode SUBWAY Station,250 University Ave,5,"43.6495789,-79.3762096"
Spadina Subway Station,371 Bloor St W,4,"43.6637,-79.400053"
St. George Subway Station,323 Bloor St W,4,"43.6637,-79.400053"
Spadina Station North Entrance,68 Spadina Rd,4,"43.6637,-79.400053"
Queen's Park Subway Station,505 University Ave,4,"43.6637,-79.400053"
,,0,"43.690903,-79.4375028"
,,0,"43.643253094827294,-79.41230469904167"
,,0,"43.6029904,-79.4926867"
,,0,"43.6596299,-79.4799176"
Lansdowne Subway Station,1287 Bloor St W,2,"43.6608333,-79.43166666666667"
Bloor-Danforth Subway Line,,2,"43.6608333,-79.43166666666667"
Lansdowne Subway Station,1287 Bloor St W,2,"43.66083333333333,-79.43583333333333"
Bloor-Danforth Subway Line,,2,"43.66083333333333,-79.43583333333333"
,,0,"43.69933,-79.39199"
,,0,"43.6653032,-79.4701178"
,,0,"43.6162721,-79.4990363"
,,0,"43.720645,-79.355474"
Dundas West Subway Station,1525 Bloor St W,1,"43.6641174,-79.4588522"
,,0,"43.6424558,-79.4296346"
,,0,"43.6954486,-79.4026176"
Coxwell Subway Station,1568 Danforth Ave,1,"43.6850809,-79.3149901"
Donlands Subway Station,990 Danforth Ave,4,"43.6800218,-79.3405681"
Pape Subway Station,743 Pape Ave,4,"43.6800218,-79.3405681"
Greenwood Subway Station,1177 Danforth Ave,4,"43.6800218,-79.3405681"
Chester Subway Station,22 Chester Ave,4,"43.6800218,-79.3405681"
,,0,"43.7842419,-79.1849889"
,,0,"43.6451308,-79.36536439999999"
,,0,"43.6482995,-79.3552533"
St Patrick Subway Station,449 University Ave,5,"43.65637299999999,-79.38781039999999"
Queen's Park Subway Station,505 University Ave,5,"43.65637299999999,-79.38781039999999"
Dundas Subway Station,300 Yonge St,5,"43.65637299999999,-79.38781039999999"
Osgoode SUBWAY Station,250 University Ave,5,"43.65637299999999,-79.38781039999999"
St Patrick Subway Station,147 University Ave,5,"43.65637299999999,-79.38781039999999"
St Patrick Subway Station,449 University Ave,5,"43.657838,-79.38631"
Queen's Park Subway Station,505 University Ave,5,"43.657838,-79.38631"
Dundas Subway Station,300 Yonge St,5,"43.657838,-79.38631"
Osgoode SUBWAY Station,250 University Ave,5,"43.657838,-79.38631"
Wellesley Subway Station,551 Yonge St,5,"43.657838,-79.38631"
,,0,"43.778015,-79.131911"
,,0,"43.672079,-79.470171"
,,0,"43.690237,-79.350119"
,,0,"43.70942,-79.39139"
Bloor-Yonge Subway Station,20 Bloor St E,4,"43.671389,-79.382919"
Sherbourne Subway Station,420 Bloor St E,4,"43.671389,-79.382919"
Wellesley Subway Station,551 Yonge St,4,"43.671389,-79.382919"
Rosedale Subway Station,1009 Yonge St,4,"43.671389,-79.382919"
Bloor-Yonge Subway Station,20 Bloor St E,4,"43.671561,-79.38117"
Sherbourne Subway Station,420 Bloor St E,4,"43.671561,-79.38117"
Wellesley Subway Station,551 Yonge St,4,"43.671561,-79.38117"
Rosedale Subway Station,1009 Yonge St,4,"43.671561,-79.38117"
Sherbourne Subway Station,420 Bloor St E,3,"43.669576,-79.375961"
Wellesley Subway Station,551 Yonge St,3,"43.669576,-79.375961"
Bloor-Yonge Subway Station,20 Bloor St E,3,"43.669576,-79.375961"
Bloor-Yonge Subway Station,20 Bloor St E,5,"43.669903,-79.387802"
Wellesley Subway Station,551 Yonge St,5,"43.669903,-79.387802"
Rosedale Subway Station,1009 Yonge St,5,"43.669903,-79.387802"
St. George Subway Station,323 Bloor St W,5,"43.669903,-79.387802"
Sherbourne Subway Station,420 Bloor St E,5,"43.669903,-79.387802"
St Clair Subway Station,1441 Yonge St,1,"43.693256,-79.383238"
Dundas West Subway Station,1525 Bloor St W,1,"43.65412449999999,-79.4636388"
Donlands Subway Station,990 Danforth Ave,3,"43.680207,-79.339243"
Pape Subway Station,743 Pape Ave,3,"43.680207,-79.339243"
Greenwood Subway Station,1177 Danforth Ave,3,"43.680207,-79.339243"
Bloor-Danforth Subway Line,,2,"43.6589882,-79.438715"
Lansdowne Subway Station,1287 Bloor St W,2,"43.6589882,-79.438715"
,,0,"43.6741219,-79.4352208"
King Subway Station,70 Yonge St,2,"43.6469928,-79.3706665"
Union Subway Station,55 Front St E,2,"43.6469928,-79.3706665"
,,0,"43.683884,-79.36647"
Queen's Park Subway Station,505 University Ave,5,"43.6578449,-79.3899265"
St Patrick Subway Station,449 University Ave,5,"43.6578449,-79.3899265"
Dundas Subway Station,300 Yonge St,5,"43.6578449,-79.3899265"
Osgoode SUBWAY Station,250 University Ave,5,"43.6578449,-79.3899265"
Wellesley Subway Station,551 Yonge St,5,"43.6578449,-79.3899265"
St Patrick Subway Station,147 University Ave,5,"43.6477785,-79.3847928"
Osgoode SUBWAY Station,250 University Ave,5,"43.6477785,-79.3847928"
Union Subway Station,55 Front St E,5,"43.6477785,-79.3847928"
King Subway Station,70 Yonge St,5,"43.6477785,-79.3847928"
St Patrick Subway Station,449 University Ave,5,"43.6477785,-79.3847928"
Coxwell Subway Station,1568 Danforth Ave,1,"43.6856128,-79.31168269999999"
Summerhill Subway Station,1189 Yonge St,3,"43.681944,-79.390556"
Rosedale Subway Station,1009 Yonge St,3,"43.681944,-79.390556"
St Clair Subway Station,1441 Yonge St,3,"43.681944,-79.390556"
,,0,"43.671771,-79.324961"
,,0,"43.64534,-79.409597"
,,0,"43.6393107,-79.4408141"
,,0,"43.68306889999999,-79.279682"
,,0,"43.6626628,-79.3323698"
Donlands Subway Station,990 Danforth Ave,3,"43.681114,-79.3373885"
Greenwood Subway Station,1177 Danforth Ave,3,"43.681114,-79.3373885"
Pape Subway Station,743 Pape Ave,3,"43.681114,-79.3373885"
,,0,"43.638925,-79.4168659"
,,0,"43.676216,-79.309395"
King Subway Station,70 Yonge St,6,"43.652822,-79.378208"
Dundas Subway Station,300 Yonge St,6,"43.652822,-79.378208"
Osgoode SUBWAY Station,250 University Ave,6,"43.652822,-79.378208"
St Patrick Subway Station,147 University Ave,6,"43.652822,-79.378208"
Union Subway Station,55 Front St E,6,"43.652822,-79.378208"
St Patrick Subway Station,449 University Ave,6,"43.652822,-79.378208"
Dundas Subway Station,300 Yonge St,5,"43.656311,-79.379158"
St Patrick Subway Station,449 University Ave,5,"43.656311,-79.379158"
King Subway Station,70 Yonge St,5,"43.656311,-79.379158"
Osgoode SUBWAY Station,250 University Ave,5,"43.656311,-79.379158"
Queen's Park Subway Station,505 University Ave,5,"43.656311,-79.379158"
Dundas Subway Station,300 Yonge St,5,"43.656633,-79.379625"
St Patrick Subway Station,449 University Ave,5,"43.656633,-79.379625"
King Subway Station,70 Yonge St,5,"43.656633,-79.379625"
Osgoode SUBWAY Station,250 University Ave,5,"43.656633,-79.379625"
Queen's Park Subway Station,505 University Ave,5,"43.656633,-79.379625"
Victoria Park Subway Station,777 Victoria Park Ave,1,"43.686962,-79.286864"
,,0,"43.718039,-79.371914"
Bloor-Yonge Subway Station,20 Bloor St E,4,"43.672152,-79.39018"
Rosedale Subway Station,1009 Yonge St,4,"43.672152,-79.39018"
St. George Subway Station,323 Bloor St W,4,"43.672152,-79.39018"
Wellesley Subway Station,551 Yonge St,4,"43.672152,-79.39018"
,,0,"43.673019,-79.467994"
,,0,"43.72268,-79.37644"
Bloor-Danforth Subway Line,,2,"43.6504218,-79.4407647"
Lansdowne Subway Station,1287 Bloor St W,2,"43.6504218,-79.4407647"
St Clair Subway Station,1441 Yonge St,2,"43.68850459999999,-79.3940052"
Summerhill Subway Station,1189 Yonge St,2,"43.68850459999999,-79.3940052"
St Patrick Subway Station,147 University Ave,1,"43.641705,-79.393295"
Jane Subway Station,2440 Bloor St W,1,"43.647663,-79.487583"
St Patrick Subway Station,449 University Ave,5,"43.6558557,-79.3894093"
Queen's Park Subway Station,505 University Ave,5,"43.6558557,-79.3894093"
Osgoode SUBWAY Station,250 University Ave,5,"43.6558557,-79.3894093"
Dundas Subway Station,300 Yonge St,5,"43.6558557,-79.3894093"
St Patrick Subway Station,147 University Ave,5,"43.6558557,-79.3894093"
,,0,"43.720998,-79.377456"
Lawrence Subway Station,3101 Yonge St,1,"43.72814640000001,-79.4032194"
Osgoode SUBWAY Station,250 University Ave,6,"43.652327224103,-79.3882538196087"
St Patrick Subway Station,449 University Ave,6,"43.652327224103,-79.3882538196087"
St Patrick Subway Station,147 University Ave,6,"43.652327224103,-79.3882538196087"
Dundas Subway Station,300 Yonge St,6,"43.652327224103,-79.3882538196087"
Queen's Park Subway Station,505 University Ave,6,"43.652327224103,-79.3882538196087"
King Subway Station,70 Yonge St,6,"43.652327224103,-79.3882538196087"
,,0,"43.6438602,-79.4227573"
,,0,"43.7093201,-79.3996301"
Jane Subway Station,2440 Bloor St W,1,"43.64920406876699,-79.49336334201408"
Osgoode SUBWAY Station,250 University Ave,6,"43.6503935,-79.3860211"
St Patrick Subway Station,147 University Ave,6,"43.6503935,-79.3860211"
St Patrick Subway Station,449 University Ave,6,"43.6503935,-79.3860211"
King Subway Station,70 Yonge St,6,"43.6503935,-79.3860211"
Union Subway Station,55 Front St E,6,"43.6503935,-79.3860211"
Dundas Subway Station,300 Yonge St,6,"43.6503935,-79.3860211"
,,0,"43.6399714,-79.39940399999999"
,,0,"43.68827060022711,-79.43937767081853"
Wellesley Subway Station,551 Yonge St,3,"43.6614605,-79.37894570000002"
Dundas Subway Station,300 Yonge St,3,"43.6614605,-79.37894570000002"
Queen's Park Subway Station,505 University Ave,3,"43.6614605,-79.37894570000002"
Victoria Park Subway Station,777 Victoria Park Ave,1,"43.69413548199171,-79.30058718775287"
Lawrence Subway Station,3101 Yonge St,1,"43.7254665,-79.40115449999999"
,,0,"43.7083577,-79.39886200000001"
Union Subway Station,55 Front St E,2,"43.640978,-79.376785"
King Subway Station,70 Yonge St,2,"43.640978,-79.376785"
,,0,"43.63840090000001,-79.4197107"
,,0,"43.7027268,-79.33368089999999"
,,0,"43.70567,-79.310554"
,,0,"43.635,-79.4088888888889"
,,0,"43.65678478285314,-79.35627385059036"
Lawrence Subway Station,3101 Yonge St,1,"43.732016,-79.403637"
Rosedale Subway Station,1009 Yonge St,3,"43.67515255542865,-79.38849615969643"
Bloor-Yonge Subway Station,20 Bloor St E,3,"43.67515255542865,-79.38849615969643"
Summerhill Subway Station,1189 Yonge St,3,"43.67515255542865,-79.38849615969643"
Broadview Subway Station,90 Danforth Ave,2,"43.67468857448634,-79.36701962396272"
Sherbourne Subway Station,420 Bloor St E,2,"43.67468857448634,-79.36701962396272"
,,0,"43.72736548824631,-79.3814254607724"
Summerhill Subway Station,1189 Yonge St,3,"43.6846177,-79.39245919999999"
St Clair Subway Station,1441 Yonge St,3,"43.6846177,-79.39245919999999"
Rosedale Subway Station,1009 Yonge St,3,"43.6846177,-79.39245919999999"
,,0,"43.645835578756525,-79.32088910859937"
York University Subway Station,120 Ian MacDonald Blvd,2,"43.77345,-79.5002"
Pioneer Village Subway Station,,2,"43.77345,-79.5002"
Coxwell Subway Station,1568 Danforth Ave,1,"43.686442,-79.313404"
Spadina Subway Station,371 Bloor St W,3,"43.66402799999999,-79.40297869999999"
St. George Subway Station,323 Bloor St W,3,"43.66402799999999,-79.40297869999999"
Spadina Station North Entrance,68 Spadina Rd,3,"43.66402799999999,-79.40297869999999"
,,0,"43.6544839,-79.34105699999999"
St Patrick Subway Station,147 University Ave,5,"43.6481303,-79.38632"
Osgoode SUBWAY Station,250 University Ave,5,"43.6481303,-79.38632"
Union Subway Station,55 Front St E,5,"43.6481303,-79.38632"
King Subway Station,70 Yonge St,5,"43.6481303,-79.38632"
St Patrick Subway Station,449 University Ave,5,"43.6481303,-79.38632"
Osgoode SUBWAY Station,250 University Ave,6,"43.65049,-79.3873"
St Patrick Subway Station,147 University Ave,6,"43.65049,-79.3873"
St Patrick Subway Station,449 University Ave,6,"43.65049,-79.3873"
King Subway Station,70 Yonge St,6,"43.65049,-79.3873"
Union Subway Station,55 Front St E,6,"43.65049,-79.3873"
Dundas Subway Station,300 Yonge St,6,"43.65049,-79.3873"
,,0,"43.64134790000001,-79.4013882"
Union Subway Station,55 Front St E,3,"43.64215,-79.377"
King Subway Station,70 Yonge St,3,"43.64215,-79.377"
St Patrick Subway Station,147 University Ave,3,"43.64215,-79.377"
Lansdowne Subway Station,1287 Bloor St W,3,"43.663337,-79.446444"
Bloor-Danforth Subway Line,,3,"43.663337,-79.446444"
Dundas West Subway Station,1525 Bloor St W,3,"43.663337,-79.446444"
,,0,"43.6392777,-79.4115736"
,,0,"43.645102,-79.39744979999999"
Lansdowne Subway Station,1287 Bloor St W,2,"43.6602021,-79.4342726"
Bloor-Danforth Subway Line,,2,"43.6602021,-79.4342726"
,,0,"43.644887,-79.45641169999999"
Pape Subway Station,743 Pape Ave,3,"43.680012,-79.34403250000001"
Donlands Subway Station,990 Danforth Ave,3,"43.680012,-79.34403250000001"
Chester Subway Station,22 Chester Ave,3,"43.680012,-79.34403250000001"
Union Subway Station,55 Front St E,3,"43.641952,-79.380723"
St Patrick Subway Station,147 University Ave,3,"43.641952,-79.380723"
King Subway Station,70 Yonge St,3,"43.641952,-79.380723"
,,0,"43.637381,-79.406112"
,,0,"43.63811,-79.397877"
,,0,"43.64957,-79.432446"
Union Subway Station,55 Front St E,3,"43.64191,-79.378325"
King Subway Station,70 Yonge St,3,"43.64191,-79.378325"
St Patrick Subway Station,147 University Ave,3,"43.64191,-79.378325"
,,0,"43.6700692,-79.2971326"
Dundas Subway Station,300 Yonge St,2,"43.6559476,-79.37558829999999"
King Subway Station,70 Yonge St,2,"43.6559476,-79.37558829999999"
,,0,"43.707212,-79.2952873"
,,0,"43.6677628,-79.30811709999999"
,,0,"43.6750806,-79.3068697"
,,0,"43.6754247,-79.4547813"
,,0,"43.6467433,-79.446895"
,,0,"43.6409957,-79.40966630000001"
,,0,"43.6593483,-79.34993659999999"
,,0,"43.67168,-79.421192"
King Subway Station,70 Yonge St,4,"43.652634,-79.374222"
Dundas Subway Station,300 Yonge St,4,"43.652634,-79.374222"
Union Subway Station,55 Front St E,4,"43.652634,-79.374222"
St Patrick Subway Station,147 University Ave,4,"43.652634,-79.374222"
,,0,"43.6519501,-79.4060978"
,,0,"43.6613642,-79.3641171"
Greenwood Subway Station,1177 Danforth Ave,3,"43.6808774,-79.3304491"
Donlands Subway Station,990 Danforth Ave,3,"43.6808774,-79.3304491"
Coxwell Subway Station,1568 Danforth Ave,3,"43.6808774,-79.3304491"
,,0,"43.6623658,-79.3413344"
Greenwood Subway Station,1177 Danforth Ave,3,"43.6791345,-79.3263159"
Coxwell Subway Station,1568 Danforth Ave,3,"43.6791345,-79.3263159"
Donlands Subway Station,990 Danforth Ave,3,"43.6791345,-79.3263159"
King Subway Station,70 Yonge St,2,"43.6478206,-79.3704721"
Union Subway Station,55 Front St E,2,"43.6478206,-79.3704721"
,,0,"43.635495,-79.40352209999999"
Coxwell Subway Station,1568 Danforth Ave,1,"43.6868681,-79.3110942"
,,0,"43.678177,-79.435364"
St Clair Subway Station,1441 Yonge St,1,"43.6962302,-79.39504339999999"
,,0,"43.667076,-79.425116"
,,0,"43.649217,-79.465319"
,,0,"43.68005,-79.43469"
,,0,"43.675648,-79.4527619"
Spadina Subway Station,371 Bloor St W,3,"43.6677246,-79.4041365"
Spadina Station North Entrance,68 Spadina Rd,3,"43.6677246,-79.4041365"
St. George Subway Station,323 Bloor St W,3,"43.6677246,-79.4041365"
Wellesley Subway Station,551 Yonge St,4,"43.66496415990742,-79.38355031526893"
Bloor-Yonge Subway Station,20 Bloor St E,4,"43.66496415990742,-79.38355031526893"
Queen's Park Subway Station,505 University Ave,4,"43.66496415990742,-79.38355031526893"
Dundas Subway Station,300 Yonge St,4,"43.66496415990742,-79.38355031526893"
Osgoode SUBWAY Station,250 University Ave,1,"43.648437,-79.39838"
Sherbourne Subway Station,420 Bloor St E,2,"43.6673,-79.374"
Wellesley Subway Station,551 Yonge St,2,"43.6673,-79.374"
Osgoode SUBWAY Station,250 University Ave,6,"43.6517925,-79.38269509999999"
St Patrick Subway Station,147 University Ave,6,"43.6517925,-79.38269509999999"
King Subway Station,70 Yonge St,6,"43.6517925,-79.38269509999999"
Dundas Subway Station,300 Yonge St,6,"43.6517925,-79.38269509999999"
St Patrick Subway Station,449 University Ave,6,"43.6517925,-79.38269509999999"
Union Subway Station,55 Front St E,6,"43.6517925,-79.38269509999999"
,,0,"43.6372958,-79.4423237"
,,0,"43.6554793,-79.4302462"
,,0,"43.686352,-79.415894"
,,0,"43.6442457,-79.41610440000001"
York University Subway Station,120 Ian MacDonald Blvd,2,"43.7741,-79.5005"
Pioneer Village Subway Station,,2,"43.7741,-79.5005"
,,0,"43.683979,-79.410657"
Osgoode SUBWAY Station,250 University Ave,2,"43.6472019,-79.3953394"
St Patrick Subway Station,147 University Ave,2,"43.6472019,-79.3953394"
,,0,"43.6513927,-79.35794659999999"
Wellesley Subway Station,551 Yonge St,4,"43.6647688,-79.3772602"
Sherbourne Subway Station,420 Bloor St E,4,"43.6647688,-79.3772602"
Bloor-Yonge Subway Station,20 Bloor St E,4,"43.6647688,-79.3772602"
Dundas Subway Station,300 Yonge St,4,"43.6647688,-79.3772602"
King Subway Station,70 Yonge St,6,"43.6506,-79.381285"
St Patrick Subway Station,147 University Ave,6,"43.6506,-79.381285"
Osgoode SUBWAY Station,250 University Ave,6,"43.6506,-79.381285"
Union Subway Station,55 Front St E,6,"43.6506,-79.381285"
Dundas Subway Station,300 Yonge St,6,"43.6506,-79.381285"
St Patrick Subway Station,449 University Ave,6,"43.6506,-79.381285"
,,0,"43.6408346,-79.3429074"
Bloor-Danforth Subway Line,,2,"43.6586525,-79.440502"
Lansdowne Subway Station,1287 Bloor St W,2,"43.6586525,-79.440502"
Dundas West Subway Station,1525 Bloor St W,3,"43.6585504,-79.4497659"
Lansdowne Subway Station,1287 Bloor St W,3,"43.6585504,-79.4497659"
Bloor-Danforth Subway Line,,3,"43.6585504,-79.4497659"
,,0,"43.6484201,-79.40051919999999"
,,0,"43.6461512,-79.3998214"
,,0,"43.693187,-79.314283"
,,0,"43.6425791,-79.40011729999999"
King Subway Station,70 Yonge St,3,"43.6469251,-79.3733192"
Union Subway Station,55 Front St E,3,"43.6469251,-79.3733192"
St Patrick Subway Station,147 University Ave,3,"43.6469251,-79.3733192"
,,0,"43.644395,-79.40065430000001"
St Patrick Subway Station,147 University Ave,4,"43.6463574,-79.391206"
Osgoode SUBWAY Station,250 University Ave,4,"43.6463574,-79.391206"
Union Subway Station,55 Front St E,4,"43.6463574,-79.391206"
St Patrick Subway Station,449 University Ave,4,"43.6463574,-79.391206"
Sherbourne Subway Station,420 Bloor St E,1,"43.6682342,-79.3702641"
Rosedale Subway Station,1009 Yonge St,2,"43.6791876,-79.39071899999999"
Summerhill Subway Station,1189 Yonge St,2,"43.6791876,-79.39071899999999"
St. George Subway Station,323 Bloor St W,4,"43.674446,-79.398331"
Spadina Station North Entrance,68 Spadina Rd,4,"43.674446,-79.398331"
Rosedale Subway Station,1009 Yonge St,4,"43.674446,-79.398331"
Spadina Subway Station,371 Bloor St W,4,"43.674446,-79.398331"
,,0,"43.6334636,-79.4143057"
,,0,"43.6352007,-79.4187711"
Jane Subway Station,2440 Bloor St W,1,"43.6501644,-79.48296909999999"
,,0,"43.636804,-79.408832"
Wellesley Subway Station,551 Yonge St,3,"43.6658804,-79.38761010000002"
Bloor-Yonge Subway Station,20 Bloor St E,3,"43.6658804,-79.38761010000002"
Queen's Park Subway Station,505 University Ave,3,"43.6658804,-79.38761010000002"
,,0,"43.68035,-79.28357"
,,0,"43.6535052,-79.3667689"
,,0,"43.70241858146351,-79.2563167072858"
,,0,"43.68824135931814,-79.27046628033244"
,,0,"43.691688,-79.265027"
,,0,"43.697490048103,-79.25655146462776"
,,0,"43.69401297794256,-79.26257204548136"
Victoria Park Subway Station,777 Victoria Park Ave,1,"43.6929478,-79.28339980000001"
,,0,"43.6950192,-79.27180659999999"
,,0,"43.69263249999999,-79.4627536"
,,0,"43.7105975,-79.2541175"
,,0,"43.69415,-79.45782580000001"
St. George Subway Station,323 Bloor St W,5,"43.668500046272165,-79.3946235999697"
Bloor-Yonge Subway Station,20 Bloor St E,5,"43.668500046272165,-79.3946235999697"
Spadina Subway Station,371 Bloor St W,5,"43.668500046272165,-79.3946235999697"
Spadina Station North Entrance,68 Spadina Rd,5,"43.668500046272165,-79.3946235999697"
Wellesley Subway Station,551 Yonge St,5,"43.668500046272165,-79.3946235999697"
,,0,"43.70163,-79.44099"
,,0,"43.688028,-79.460265"
,,0,"43.68323,-79.455765"
,,0,"43.69466,-79.45376999999999"
Chester Subway Station,22 Chester Ave,3,"43.6784834,-79.3513564"
Pape Subway Station,743 Pape Ave,3,"43.6784834,-79.3513564"
Broadview Subway Station,90 Danforth Ave,3,"43.6784834,-79.3513564"
,,0,"43.65016869999999,-79.4963345"
Royal York Subway Station,3012 Bloor St W,1,"43.6492,-79.50601999999999"
Victoria Park Subway Station,777 Victoria Park Ave,1,"43.6897656,-79.2939525"
,,0,"43.6537513,-79.4028245"
,,0,"43.6357643,-79.4674917"
Royal York Subway Station,3012 Bloor St W,1,"43.64839,-79.51008"
,,0,"43.62369169999999,-79.4838132"
,,0,"43.648657,-79.458111"
Sherbourne Subway Station,420 Bloor St E,4,"43.671293,-79.380471"
Bloor-Yonge Subway Station,20 Bloor St E,4,"43.671293,-79.380471"
Wellesley Subway Station,551 Yonge St,4,"43.671293,-79.380471"
Rosedale Subway Station,1009 Yonge St,4,"43.671293,-79.380471"
,,0,"43.69932707258943,-79.4493630391668"
,,0,"43.63560589999999,-79.4934616"
,,0,"43.7611741,-79.5114452"
St Patrick Subway Station,147 University Ave,1,"43.6428899,-79.3946346"
,,0,"43.7603624,-79.5162777"
,,0,"43.62313,-79.4918"
Pioneer Village Subway Station,,2,"43.772445,-79.511912"
York University Subway Station,120 Ian MacDonald Blvd,2,"43.772445,-79.511912"
,,0,"43.653359,-79.365023"
,,0,"43.70643614257429,-79.25104443353288"
Dundas Subway Station,300 Yonge St,2,"43.655972,-79.370638"
King Subway Station,70 Yonge St,2,"43.655972,-79.370638"
Wellesley Subway Station,551 Yonge St,3,"43.666874,-79.381155"
Bloor-Yonge Subway Station,20 Bloor St E,3,"43.666874,-79.381155"
Sherbourne Subway Station,420 Bloor St E,3,"43.666874,-79.381155"
