name,address,yelp_num_stations,coordinates
Union Station,65 Front Street W,7.0,"43.653236,-79.376716"
VIA Rail Canada,65 Front Street  W,7.0,"43.653236,-79.376716"
Queen Station,171 Yonge Street,7.0,"43.653236,-79.376716"
Dundas Station,"Toronto, ON M5B 1J3",7.0,"43.653236,-79.376716"
St Patrick Subway Station,449 University Avenue,7.0,"43.653236,-79.376716"
King Station,3 King Street E,7.0,"43.653236,-79.376716"
Queen Subway Station,8 Queen Street W,7.0,"43.653236,-79.376716"
Wellesley Subway Station,16 Wellesley Street E,5.0,"43.663722,-79.380288"
Dundas Station,"Toronto, ON M5B 1J3",5.0,"43.663722,-79.380288"
Bloor-Yonge Subway Station,20 Bloor Street E,5.0,"43.663722,-79.380288"
Bay Subway Station,1240 Bay Street,5.0,"43.663722,-79.380288"
Queen's Park Subway Station,129 College Street,5.0,"43.663722,-79.380288"
St Patrick Subway Station,449 University Avenue,7.0,"43.657763,-79.389165"
Dundas Station,"Toronto, ON M5B 1J3",7.0,"43.657763,-79.389165"
Wellesley Subway Station,16 Wellesley Street E,7.0,"43.657763,-79.389165"
Queen Station,171 Yonge Street,7.0,"43.657763,-79.389165"
Queen's Park Subway Station,129 College Street,7.0,"43.657763,-79.389165"
King Station,3 King Street E,7.0,"43.657763,-79.389165"
Queen Subway Station,8 Queen Street W,7.0,"43.657763,-79.389165"
Dundas Station,"Toronto, ON M5B 1J3",7.0,"43.656729,-79.382736"
St Patrick Subway Station,449 University Avenue,7.0,"43.656729,-79.382736"
Wellesley Subway Station,16 Wellesley Street E,7.0,"43.656729,-79.382736"
Queen Station,171 Yonge Street,7.0,"43.656729,-79.382736"
King Station,3 King Street E,7.0,"43.656729,-79.382736"
Queen's Park Subway Station,129 College Street,7.0,"43.656729,-79.382736"
Queen Subway Station,8 Queen Street W,7.0,"43.656729,-79.382736"
Spadina Subway Station,6 Spadina Road,3.0,"43.664467,-79.414783"
Bathurst Subway Station,819 Bathurst Street,3.0,"43.664467,-79.414783"
Ossington Subway Station,746 Ossington Avenue,3.0,"43.664467,-79.414783"
Museum Subway Station,75 Queen's Park,4.0,"43.675492,-79.388858"
Bloor-Yonge Subway Station,20 Bloor Street E,4.0,"43.675492,-79.388858"
Bay Subway Station,1240 Bay Street,4.0,"43.675492,-79.388858"
Summerhill Subway Station,16 Shaftesbury Ave,4.0,"43.675492,-79.388858"
Museum Subway Station,75 Queen's Park,5.0,"43.674991,-79.396273"
Bloor-Yonge Subway Station,20 Bloor Street E,5.0,"43.674991,-79.396273"
Spadina Subway Station,6 Spadina Road,5.0,"43.674991,-79.396273"
Bay Subway Station,1240 Bay Street,5.0,"43.674991,-79.396273"
Summerhill Subway Station,16 Shaftesbury Ave,5.0,"43.674991,-79.396273"
Museum Subway Station,75 Queen's Park,4.0,"43.671944,-79.387778"
Bloor-Yonge Subway Station,20 Bloor Street E,4.0,"43.671944,-79.387778"
Wellesley Subway Station,16 Wellesley Street E,4.0,"43.671944,-79.387778"
Bay Subway Station,1240 Bay Street,4.0,"43.671944,-79.387778"
Union Station,65 Front Street W,6.0,"43.646144,-79.377962"
VIA Rail Canada,65 Front Street  W,6.0,"43.646144,-79.377962"
King Station,3 King Street E,6.0,"43.646144,-79.377962"
Queen Station,171 Yonge Street,6.0,"43.646144,-79.377962"
St Patrick Subway Station,449 University Avenue,6.0,"43.646144,-79.377962"
Queen Subway Station,8 Queen Street W,6.0,"43.646144,-79.377962"
Dundas Station,"Toronto, ON M5B 1J3",5.0,"43.657266,-79.374756"
Wellesley Subway Station,16 Wellesley Street E,5.0,"43.657266,-79.374756"
Queen Station,171 Yonge Street,5.0,"43.657266,-79.374756"
King Station,3 King Street E,5.0,"43.657266,-79.374756"
Queen Subway Station,8 Queen Street W,5.0,"43.657266,-79.374756"
Greenwood Yard,400 Greenwood Avenue,1.0,"43.66745,-79.329408"
Pape Subway Station,743 Pape Avenue,2.0,"43.672453,-79.338259"
Greenwood Yard,400 Greenwood Avenue,2.0,"43.672453,-79.338259"
Dundas Station,"Toronto, ON M5B 1J3",6.0,"43.655431,-79.380653"
St Patrick Subway Station,449 University Avenue,6.0,"43.655431,-79.380653"
Queen Station,171 Yonge Street,6.0,"43.655431,-79.380653"
King Station,3 King Street E,6.0,"43.655431,-79.380653"
Queen's Park Subway Station,129 College Street,6.0,"43.655431,-79.380653"
Queen Subway Station,8 Queen Street W,6.0,"43.655431,-79.380653"
Dundas Station,"Toronto, ON M5B 1J3",6.0,"43.656927,-79.378497"
Wellesley Subway Station,16 Wellesley Street E,6.0,"43.656927,-79.378497"
Queen Station,171 Yonge Street,6.0,"43.656927,-79.378497"
St Patrick Subway Station,449 University Avenue,6.0,"43.656927,-79.378497"
King Station,3 King Street E,6.0,"43.656927,-79.378497"
Queen Subway Station,8 Queen Street W,6.0,"43.656927,-79.378497"
Bloor GO Station,1456 Bloor Street W,2.0,"43.661324,-79.449534"
Keele Subway Station,21 Keele Street,2.0,"43.661324,-79.449534"
Dundas Station,"Toronto, ON M5B 1J3",4.0,"43.658295,-79.372346"
Wellesley Subway Station,16 Wellesley Street E,4.0,"43.658295,-79.372346"
Queen Station,171 Yonge Street,4.0,"43.658295,-79.372346"
Queen Subway Station,8 Queen Street W,4.0,"43.658295,-79.372346"
Danforth GO,213 Main Street,1.0,"43.6940155,-79.2889842"
St Clair West Subway Station,370 St Clair Ave W,1.0,"43.6809164,-79.4229684"
Summerhill Subway Station,16 Shaftesbury Ave,1.0,"43.6910667,-79.39535"
Museum Subway Station,75 Queen's Park,4.0,"43.667158,-79.402761"
Spadina Subway Station,6 Spadina Road,4.0,"43.667158,-79.402761"
Bathurst Subway Station,819 Bathurst Street,4.0,"43.667158,-79.402761"
Queen's Park Subway Station,129 College Street,4.0,"43.667158,-79.402761"
Museum Subway Station,75 Queen's Park,5.0,"43.667333,-79.399429"
Spadina Subway Station,6 Spadina Road,5.0,"43.667333,-79.399429"
Bathurst Subway Station,819 Bathurst Street,5.0,"43.667333,-79.399429"
Bay Subway Station,1240 Bay Street,5.0,"43.667333,-79.399429"
Queen's Park Subway Station,129 College Street,5.0,"43.667333,-79.399429"
Union Station,65 Front Street W,6.0,"43.6480008,-79.383177"
VIA Rail Canada,65 Front Street  W,6.0,"43.6480008,-79.383177"
St Patrick Subway Station,449 University Avenue,6.0,"43.6480008,-79.383177"
Queen Station,171 Yonge Street,6.0,"43.6480008,-79.383177"
King Station,3 King Street E,6.0,"43.6480008,-79.383177"
Queen Subway Station,8 Queen Street W,6.0,"43.6480008,-79.383177"
St Patrick Subway Station,449 University Avenue,7.0,"43.656518,-79.389099"
Dundas Station,"Toronto, ON M5B 1J3",7.0,"43.656518,-79.389099"
Wellesley Subway Station,16 Wellesley Street E,7.0,"43.656518,-79.389099"
Queen Station,171 Yonge Street,7.0,"43.656518,-79.389099"
Queen's Park Subway Station,129 College Street,7.0,"43.656518,-79.389099"
King Station,3 King Street E,7.0,"43.656518,-79.389099"
Queen Subway Station,8 Queen Street W,7.0,"43.656518,-79.389099"
Museum Subway Station,75 Queen's Park,4.0,"43.658148,-79.398167"
Spadina Subway Station,6 Spadina Road,4.0,"43.658148,-79.398167"
St Patrick Subway Station,449 University Avenue,4.0,"43.658148,-79.398167"
Queen's Park Subway Station,129 College Street,4.0,"43.658148,-79.398167"
Summerhill Subway Station,16 Shaftesbury Ave,1.0,"43.687999,-79.38906"
Union Station,65 Front Street W,2.0,"43.63796,-79.387502"
VIA Rail Canada,65 Front Street  W,2.0,"43.63796,-79.387502"
Bloor GO Station,1456 Bloor Street W,2.0,"43.6563889,-79.45166666666667"
Keele Subway Station,21 Keele Street,2.0,"43.6563889,-79.45166666666667"
Exhibition GO Station,Manitoba Drive,1.0,"43.6322445,-79.4108105"
Museum Subway Station,75 Queen's Park,5.0,"43.6616667,-79.40138888888889"
Spadina Subway Station,6 Spadina Road,5.0,"43.6616667,-79.40138888888889"
Bathurst Subway Station,819 Bathurst Street,5.0,"43.6616667,-79.40138888888889"
Queen's Park Subway Station,129 College Street,5.0,"43.6616667,-79.40138888888889"
Bay Subway Station,1240 Bay Street,5.0,"43.6616667,-79.40138888888889"
Bloor GO Station,1456 Bloor Street W,2.0,"43.657192,-79.452559"
Keele Subway Station,21 Keele Street,2.0,"43.657192,-79.452559"
Bathurst Subway Station,819 Bathurst Street,2.0,"43.6576,-79.4032"
Queen's Park Subway Station,129 College Street,2.0,"43.6576,-79.4032"
Dundas Station,"Toronto, ON M5B 1J3",6.0,"43.660694,-79.379052"
Wellesley Subway Station,16 Wellesley Street E,6.0,"43.660694,-79.379052"
St Patrick Subway Station,449 University Avenue,6.0,"43.660694,-79.379052"
Queen Station,171 Yonge Street,6.0,"43.660694,-79.379052"
Queen's Park Subway Station,129 College Street,6.0,"43.660694,-79.379052"
Queen Subway Station,8 Queen Street W,6.0,"43.660694,-79.379052"
Union Station,65 Front Street W,3.0,"43.640132,-79.380464"
VIA Rail Canada,65 Front Street  W,3.0,"43.640132,-79.380464"
King Station,3 King Street E,3.0,"43.640132,-79.380464"
Museum Subway Station,75 Queen's Park,7.0,"43.659777,-79.382767"
Dundas Station,"Toronto, ON M5B 1J3",7.0,"43.659777,-79.382767"
Wellesley Subway Station,16 Wellesley Street E,7.0,"43.659777,-79.382767"
St Patrick Subway Station,449 University Avenue,7.0,"43.659777,-79.382767"
Queen Station,171 Yonge Street,7.0,"43.659777,-79.382767"
Queen's Park Subway Station,129 College Street,7.0,"43.659777,-79.382767"
Queen Subway Station,8 Queen Street W,7.0,"43.659777,-79.382767"
Union Station,65 Front Street W,5.0,"43.643667,-79.380414"
VIA Rail Canada,65 Front Street  W,5.0,"43.643667,-79.380414"
King Station,3 King Street E,5.0,"43.643667,-79.380414"
Queen Station,171 Yonge Street,5.0,"43.643667,-79.380414"
Queen Subway Station,8 Queen Street W,5.0,"43.643667,-79.380414"
Wellesley Subway Station,16 Wellesley Street E,2.0,"43.666233,-79.373327"
Dundas Station,"Toronto, ON M5B 1J3",2.0,"43.666233,-79.373327"
Exhibition GO Station,Manitoba Drive,1.0,"43.6366666666667,-79.4197222222222"
Queen's Park Subway Station,129 College Street,1.0,"43.653766,-79.4016759"
Bloor GO Station,1456 Bloor Street W,2.0,"43.6587734,-79.443054"
Dufferin Subway Station,1006 Dufferin Street,2.0,"43.6587734,-79.443054"
Bloor GO Station,1456 Bloor Street W,2.0,"43.6538888888889,-79.4413888888889"
Dufferin Subway Station,1006 Dufferin Street,2.0,"43.6538888888889,-79.4413888888889"
Bloor GO Station,1456 Bloor Street W,1.0,"43.6508333333333,-79.4430555555556"
Bloor GO Station,1456 Bloor Street W,2.0,"43.651238,-79.43868"
Dufferin Subway Station,1006 Dufferin Street,2.0,"43.651238,-79.43868"
Ossington Subway Station,746 Ossington Avenue,1.0,"43.6544915,-79.422634"
High Park Subway Station,35 Quebec Avenue,3.0,"43.6543604,-79.4655296"
Keele Subway Station,21 Keele Street,3.0,"43.6543604,-79.4655296"
Runnymede Station,265 Runnymede Road,3.0,"43.6543604,-79.4655296"
Keele Subway Station,21 Keele Street,3.0,"43.654501,-79.460053"
High Park Subway Station,35 Quebec Avenue,3.0,"43.654501,-79.460053"
Bloor GO Station,1456 Bloor Street W,3.0,"43.654501,-79.460053"
High Park Subway Station,35 Quebec Avenue,3.0,"43.6535269,-79.4650569"
Keele Subway Station,21 Keele Street,3.0,"43.6535269,-79.4650569"
Runnymede Station,265 Runnymede Road,3.0,"43.6535269,-79.4650569"
Exhibition GO Station,Manitoba Drive,1.0,"43.6314,-79.4304"
Bloor GO Station,1456 Bloor Street W,2.0,"43.6534268,-79.4512787"
Keele Subway Station,21 Keele Street,2.0,"43.6534268,-79.4512787"
St Patrick Subway Station,449 University Avenue,3.0,"43.655227,-79.39201"
Dundas Station,"Toronto, ON M5B 1J3",3.0,"43.655227,-79.39201"
Queen's Park Subway Station,129 College Street,3.0,"43.655227,-79.39201"
Pape Subway Station,743 Pape Avenue,3.0,"43.685167,-79.34962"
Broadview Subway Station,769 Broadview Avenue,3.0,"43.685167,-79.34962"
Chester Station,22 Chester Avenue,3.0,"43.685167,-79.34962"
Museum Subway Station,75 Queen's Park,5.0,"43.6704537,-79.39014"
Bloor-Yonge Subway Station,20 Bloor Street E,5.0,"43.6704537,-79.39014"
Wellesley Subway Station,16 Wellesley Street E,5.0,"43.6704537,-79.39014"
Bay Subway Station,1240 Bay Street,5.0,"43.6704537,-79.39014"
Dundas Station,"Toronto, ON M5B 1J3",5.0,"43.6704537,-79.39014"
Museum Subway Station,75 Queen's Park,5.0,"43.6691099,-79.38551"
Bloor-Yonge Subway Station,20 Bloor Street E,5.0,"43.6691099,-79.38551"
Wellesley Subway Station,16 Wellesley Street E,5.0,"43.6691099,-79.38551"
Dundas Station,"Toronto, ON M5B 1J3",5.0,"43.6691099,-79.38551"
Bay Subway Station,1240 Bay Street,5.0,"43.6691099,-79.38551"
St Patrick Subway Station,449 University Avenue,6.0,"43.6545174,-79.3895315"
Dundas Station,"Toronto, ON M5B 1J3",6.0,"43.6545174,-79.3895315"
Queen Station,171 Yonge Street,6.0,"43.6545174,-79.3895315"
King Station,3 King Street E,6.0,"43.6545174,-79.3895315"
Queen's Park Subway Station,129 College Street,6.0,"43.6545174,-79.3895315"
Queen Subway Station,8 Queen Street W,6.0,"43.6545174,-79.3895315"
Spadina Subway Station,6 Spadina Road,3.0,"43.665846,-79.404998"
Museum Subway Station,75 Queen's Park,3.0,"43.665846,-79.404998"
Bathurst Subway Station,819 Bathurst Street,3.0,"43.665846,-79.404998"
Union Station,65 Front Street W,6.0,"43.6461,-79.3895"
VIA Rail Canada,65 Front Street  W,6.0,"43.6461,-79.3895"
St Patrick Subway Station,449 University Avenue,6.0,"43.6461,-79.3895"
Queen Station,171 Yonge Street,6.0,"43.6461,-79.3895"
King Station,3 King Street E,6.0,"43.6461,-79.3895"
Queen Subway Station,8 Queen Street W,6.0,"43.6461,-79.3895"
Union Station,65 Front Street W,2.0,"43.638497,-79.39192"
VIA Rail Canada,65 Front Street  W,2.0,"43.638497,-79.39192"
Broadview Subway Station,769 Broadview Avenue,1.0,"43.66852,-79.363525"
Queen's Park Subway Station,129 College Street,1.0,"43.652473,-79.401456"
Exhibition GO Station,Manitoba Drive,1.0,"43.643975,-79.419576"
Dundas Station,"Toronto, ON M5B 1J3",6.0,"43.656094,-79.381484"
St Patrick Subway Station,449 University Avenue,6.0,"43.656094,-79.381484"
Queen Station,171 Yonge Street,6.0,"43.656094,-79.381484"
King Station,3 King Street E,6.0,"43.656094,-79.381484"
Queen's Park Subway Station,129 College Street,6.0,"43.656094,-79.381484"
Queen Subway Station,8 Queen Street W,6.0,"43.656094,-79.381484"
Museum Subway Station,75 Queen's Park,3.0,"43.670318,-79.405181"
Spadina Subway Station,6 Spadina Road,3.0,"43.670318,-79.405181"
Bathurst Subway Station,819 Bathurst Street,3.0,"43.670318,-79.405181"
St Clair West Subway Station,370 St Clair Ave W,1.0,"43.676667,-79.416111"
Exhibition GO Station,Manitoba Drive,1.0,"43.639444,-79.423611"
Ossington Subway Station,746 Ossington Avenue,2.0,"43.67,-79.42083333333333"
Bathurst Subway Station,819 Bathurst Street,2.0,"43.67,-79.42083333333333"
Spadina Subway Station,6 Spadina Road,3.0,"43.671389,-79.416389"
Bathurst Subway Station,819 Bathurst Street,3.0,"43.671389,-79.416389"
Ossington Subway Station,746 Ossington Avenue,3.0,"43.671389,-79.416389"
St Clair West Subway Station,370 St Clair Ave W,1.0,"43.68,-79.42500000000001"
Exhibition GO Station,Manitoba Drive,1.0,"43.6394444,-79.42527777777778"
Spadina Subway Station,6 Spadina Road,2.0,"43.675791,-79.40698"
St Clair West Subway Station,370 St Clair Ave W,2.0,"43.675791,-79.40698"
Spadina Subway Station,6 Spadina Road,2.0,"43.675556,-79.410278"
St Clair West Subway Station,370 St Clair Ave W,2.0,"43.675556,-79.410278"
Spadina Subway Station,6 Spadina Road,2.0,"43.674444,-79.414722"
Bathurst Subway Station,819 Bathurst Street,2.0,"43.674444,-79.414722"
Spadina Subway Station,6 Spadina Road,2.0,"43.671513,-79.408317"
Bathurst Subway Station,819 Bathurst Street,2.0,"43.671513,-79.408317"
Broadview Subway Station,769 Broadview Avenue,2.0,"43.6783213,-79.35822"
Chester Station,22 Chester Avenue,2.0,"43.6783213,-79.35822"
Broadview Subway Station,769 Broadview Avenue,3.0,"43.6848652,-79.356602"
Pape Subway Station,743 Pape Avenue,3.0,"43.6848652,-79.356602"
Chester Station,22 Chester Avenue,3.0,"43.6848652,-79.356602"
Pape Subway Station,743 Pape Avenue,3.0,"43.68395,-79.347046"
Broadview Subway Station,769 Broadview Avenue,3.0,"43.68395,-79.347046"
Chester Station,22 Chester Avenue,3.0,"43.68395,-79.347046"
St Patrick Subway Station,449 University Avenue,1.0,"43.6494896,-79.393535"
Union Station,65 Front Street W,5.0,"43.6451635,-79.3831757"
VIA Rail Canada,65 Front Street  W,5.0,"43.6451635,-79.3831757"
Queen Station,171 Yonge Street,5.0,"43.6451635,-79.3831757"
King Station,3 King Street E,5.0,"43.6451635,-79.3831757"
Queen Subway Station,8 Queen Street W,5.0,"43.6451635,-79.3831757"
Union Station,65 Front Street W,5.0,"43.6452972,-79.3827914"
VIA Rail Canada,65 Front Street  W,5.0,"43.6452972,-79.3827914"
Queen Station,171 Yonge Street,5.0,"43.6452972,-79.3827914"
King Station,3 King Street E,5.0,"43.6452972,-79.3827914"
Queen Subway Station,8 Queen Street W,5.0,"43.6452972,-79.3827914"
Ossington Subway Station,746 Ossington Avenue,2.0,"43.6555556,-79.43361111111112"
Dufferin Subway Station,1006 Dufferin Street,2.0,"43.6555556,-79.43361111111112"
Bloor-Yonge Subway Station,20 Bloor Street E,3.0,"43.678077,-79.390328"
Bay Subway Station,1240 Bay Street,3.0,"43.678077,-79.390328"
Summerhill Subway Station,16 Shaftesbury Ave,3.0,"43.678077,-79.390328"
Dufferin Subway Station,1006 Dufferin Street,1.0,"43.667266,-79.443946"
Queen Station,171 Yonge Street,3.0,"43.648655,-79.367061"
King Station,3 King Street E,3.0,"43.648655,-79.367061"
Queen Subway Station,8 Queen Street W,3.0,"43.648655,-79.367061"
Union Station,65 Front Street W,6.0,"43.648711,-79.389728"
VIA Rail Canada,65 Front Street  W,6.0,"43.648711,-79.389728"
St Patrick Subway Station,449 University Avenue,6.0,"43.648711,-79.389728"
Queen Station,171 Yonge Street,6.0,"43.648711,-79.389728"
King Station,3 King Street E,6.0,"43.648711,-79.389728"
Queen Subway Station,8 Queen Street W,6.0,"43.648711,-79.389728"
St Patrick Subway Station,449 University Avenue,1.0,"43.649147,-79.395504"
Union Station,65 Front Street W,5.0,"43.643795,-79.375413"
VIA Rail Canada,65 Front Street  W,5.0,"43.643795,-79.375413"
King Station,3 King Street E,5.0,"43.643795,-79.375413"
Queen Station,171 Yonge Street,5.0,"43.643795,-79.375413"
Queen Subway Station,8 Queen Street W,5.0,"43.643795,-79.375413"
Museum Subway Station,75 Queen's Park,6.0,"43.662085,-79.397735"
Spadina Subway Station,6 Spadina Road,6.0,"43.662085,-79.397735"
Bloor-Yonge Subway Station,20 Bloor Street E,6.0,"43.662085,-79.397735"
St Patrick Subway Station,449 University Avenue,6.0,"43.662085,-79.397735"
Queen's Park Subway Station,129 College Street,6.0,"43.662085,-79.397735"
Bay Subway Station,1240 Bay Street,6.0,"43.662085,-79.397735"
Museum Subway Station,75 Queen's Park,7.0,"43.668456,-79.393899"
Bloor-Yonge Subway Station,20 Bloor Street E,7.0,"43.668456,-79.393899"
Spadina Subway Station,6 Spadina Road,7.0,"43.668456,-79.393899"
Wellesley Subway Station,16 Wellesley Street E,7.0,"43.668456,-79.393899"
Dundas Station,"Toronto, ON M5B 1J3",7.0,"43.668456,-79.393899"
Bay Subway Station,1240 Bay Street,7.0,"43.668456,-79.393899"
Queen's Park Subway Station,129 College Street,7.0,"43.668456,-79.393899"
Exhibition GO Station,Manitoba Drive,1.0,"43.6448617,-79.42822"
Exhibition GO Station,Manitoba Drive,1.0,"43.6430555555556,-79.4275"
Ossington Subway Station,746 Ossington Avenue,3.0,"43.660414,-79.415646"
Spadina Subway Station,6 Spadina Road,3.0,"43.660414,-79.415646"
Bathurst Subway Station,819 Bathurst Street,3.0,"43.660414,-79.415646"
Spadina Subway Station,6 Spadina Road,2.0,"43.661975,-79.407896"
Bathurst Subway Station,819 Bathurst Street,2.0,"43.661975,-79.407896"
Ossington Subway Station,746 Ossington Avenue,2.0,"43.65905,-79.422988"
Bathurst Subway Station,819 Bathurst Street,2.0,"43.65905,-79.422988"
Spadina Subway Station,6 Spadina Road,2.0,"43.66,-79.4088888888889"
Bathurst Subway Station,819 Bathurst Street,2.0,"43.66,-79.4088888888889"
Main Street Subway Station,315 Main Street,2.0,"43.686829,-79.311073"
Danforth GO,213 Main Street,2.0,"43.686829,-79.311073"
Main Street Subway Station,315 Main Street,2.0,"43.688325,-79.300463"
Danforth GO,213 Main Street,2.0,"43.688325,-79.300463"
High Park Subway Station,35 Quebec Avenue,3.0,"43.65716,-79.46478"
Keele Subway Station,21 Keele Street,3.0,"43.65716,-79.46478"
Runnymede Station,265 Runnymede Road,3.0,"43.65716,-79.46478"
High Park Subway Station,35 Quebec Avenue,3.0,"43.6525077,-79.4654233"
Keele Subway Station,21 Keele Street,3.0,"43.6525077,-79.4654233"
Runnymede Station,265 Runnymede Road,3.0,"43.6525077,-79.4654233"
Broadview Subway Station,769 Broadview Avenue,2.0,"43.6772,-79.35858"
Chester Station,22 Chester Avenue,2.0,"43.6772,-79.35858"
Dundas Station,"Toronto, ON M5B 1J3",6.0,"43.662712,-79.379903"
Wellesley Subway Station,16 Wellesley Street E,6.0,"43.662712,-79.379903"
Bloor-Yonge Subway Station,20 Bloor Street E,6.0,"43.662712,-79.379903"
St Patrick Subway Station,449 University Avenue,6.0,"43.662712,-79.379903"
Bay Subway Station,1240 Bay Street,6.0,"43.662712,-79.379903"
Queen's Park Subway Station,129 College Street,6.0,"43.662712,-79.379903"
Museum Subway Station,75 Queen's Park,7.0,"43.658938,-79.383518"
Dundas Station,"Toronto, ON M5B 1J3",7.0,"43.658938,-79.383518"
Wellesley Subway Station,16 Wellesley Street E,7.0,"43.658938,-79.383518"
St Patrick Subway Station,449 University Avenue,7.0,"43.658938,-79.383518"
Queen Station,171 Yonge Street,7.0,"43.658938,-79.383518"
Queen's Park Subway Station,129 College Street,7.0,"43.658938,-79.383518"
Queen Subway Station,8 Queen Street W,7.0,"43.658938,-79.383518"
Greenwood Yard,400 Greenwood Avenue,1.0,"43.683378,-79.322961"
Union Station,65 Front Street W,3.0,"43.6425636,-79.3762"
VIA Rail Canada,65 Front Street  W,3.0,"43.6425636,-79.3762"
King Station,3 King Street E,3.0,"43.6425636,-79.3762"
Bloor GO Station,1456 Bloor Street W,2.0,"43.6521,-79.4486"
Keele Subway Station,21 Keele Street,2.0,"43.6521,-79.4486"
Museum Subway Station,75 Queen's Park,5.0,"43.669969,-79.386532"
Bloor-Yonge Subway Station,20 Bloor Street E,5.0,"43.669969,-79.386532"
Wellesley Subway Station,16 Wellesley Street E,5.0,"43.669969,-79.386532"
Dundas Station,"Toronto, ON M5B 1J3",5.0,"43.669969,-79.386532"
Bay Subway Station,1240 Bay Street,5.0,"43.669969,-79.386532"
Exhibition GO Station,Manitoba Drive,1.0,"43.633473,-79.425679"
Exhibition GO Station,Manitoba Drive,1.0,"43.630254,-79.420317"
Ossington Subway Station,746 Ossington Avenue,2.0,"43.662403,-79.423098"
Bathurst Subway Station,819 Bathurst Street,2.0,"43.662403,-79.423098"
Ossington Subway Station,746 Ossington Avenue,2.0,"43.656945,-79.424911"
Dufferin Subway Station,1006 Dufferin Street,2.0,"43.656945,-79.424911"
St Clair West Subway Station,370 St Clair Ave W,1.0,"43.6817346,-79.4184725"
St Clair West Subway Station,370 St Clair Ave W,1.0,"43.683296,-79.418734"
Dufferin Subway Station,1006 Dufferin Street,1.0,"43.651145,-79.423742"
St Patrick Subway Station,449 University Avenue,2.0,"43.654905,-79.398448"
Queen's Park Subway Station,129 College Street,2.0,"43.654905,-79.398448"
Union Station,65 Front Street W,5.0,"43.651118,-79.369411"
VIA Rail Canada,65 Front Street  W,5.0,"43.651118,-79.369411"
Queen Station,171 Yonge Street,5.0,"43.651118,-79.369411"
King Station,3 King Street E,5.0,"43.651118,-79.369411"
Queen Subway Station,8 Queen Street W,5.0,"43.651118,-79.369411"
St Patrick Subway Station,449 University Avenue,1.0,"43.650033,-79.396555"
St Patrick Subway Station,449 University Avenue,3.0,"43.652823,-79.393388"
Dundas Station,"Toronto, ON M5B 1J3",3.0,"43.652823,-79.393388"
Queen's Park Subway Station,129 College Street,3.0,"43.652823,-79.393388"
Museum Subway Station,75 Queen's Park,6.0,"43.665527,-79.387499"
Bloor-Yonge Subway Station,20 Bloor Street E,6.0,"43.665527,-79.387499"
Wellesley Subway Station,16 Wellesley Street E,6.0,"43.665527,-79.387499"
Dundas Station,"Toronto, ON M5B 1J3",6.0,"43.665527,-79.387499"
Bay Subway Station,1240 Bay Street,6.0,"43.665527,-79.387499"
Queen's Park Subway Station,129 College Street,6.0,"43.665527,-79.387499"
Dundas Station,"Toronto, ON M5B 1J3",6.0,"43.6582,-79.3768"
Wellesley Subway Station,16 Wellesley Street E,6.0,"43.6582,-79.3768"
Queen Station,171 Yonge Street,6.0,"43.6582,-79.3768"
St Patrick Subway Station,449 University Avenue,6.0,"43.6582,-79.3768"
King Station,3 King Street E,6.0,"43.6582,-79.3768"
Queen Subway Station,8 Queen Street W,6.0,"43.6582,-79.3768"
Broadview Subway Station,769 Broadview Avenue,3.0,"43.671172,-79.354704"
Pape Subway Station,743 Pape Avenue,3.0,"43.671172,-79.354704"
Chester Station,22 Chester Avenue,3.0,"43.671172,-79.354704"
Broadview Subway Station,769 Broadview Avenue,3.0,"43.677076,-79.35667"
Pape Subway Station,743 Pape Avenue,3.0,"43.677076,-79.35667"
Chester Station,22 Chester Avenue,3.0,"43.677076,-79.35667"
Pape Subway Station,743 Pape Avenue,2.0,"43.680223,-79.344062"
Chester Station,22 Chester Avenue,2.0,"43.680223,-79.344062"
Pape Subway Station,743 Pape Avenue,3.0,"43.678401,-79.346289"
Broadview Subway Station,769 Broadview Avenue,3.0,"43.678401,-79.346289"
Chester Station,22 Chester Avenue,3.0,"43.678401,-79.346289"
Greenwood Yard,400 Greenwood Avenue,1.0,"43.681991,-79.329455"
Exhibition GO Station,Manitoba Drive,1.0,"43.6422222,-79.41111111111111"
Spadina Subway Station,6 Spadina Road,2.0,"43.663808,-79.410491"
Bathurst Subway Station,819 Bathurst Street,2.0,"43.663808,-79.410491"
Spadina Subway Station,6 Spadina Road,2.0,"43.6666667,-79.41166666666668"
Bathurst Subway Station,819 Bathurst Street,2.0,"43.6666667,-79.41166666666668"
Ossington Subway Station,746 Ossington Avenue,2.0,"43.6638889,-79.41888888888889"
Bathurst Subway Station,819 Bathurst Street,2.0,"43.6638889,-79.41888888888889"
Ossington Subway Station,746 Ossington Avenue,2.0,"43.661705,-79.425734"
Dufferin Subway Station,1006 Dufferin Street,2.0,"43.661705,-79.425734"
Ossington Subway Station,746 Ossington Avenue,2.0,"43.6686111,-79.42027777777778"
Bathurst Subway Station,819 Bathurst Street,2.0,"43.6686111,-79.42027777777778"
Ossington Subway Station,746 Ossington Avenue,2.0,"43.665327,-79.43235"
Dufferin Subway Station,1006 Dufferin Street,2.0,"43.665327,-79.43235"
Ossington Subway Station,746 Ossington Avenue,2.0,"43.657343,-79.43112"
Dufferin Subway Station,1006 Dufferin Street,2.0,"43.657343,-79.43112"
Ossington Subway Station,746 Ossington Avenue,1.0,"43.656296,-79.414663"
Dufferin Subway Station,1006 Dufferin Street,1.0,"43.65277778,-79.42972222"
Ossington Subway Station,746 Ossington Avenue,1.0,"43.655,-79.418889"
Greenwood Yard,400 Greenwood Avenue,1.0,"43.668553,-79.338673"
Union Station,65 Front Street W,6.0,"43.6462176,-79.3855048"
VIA Rail Canada,65 Front Street  W,6.0,"43.6462176,-79.3855048"
St Patrick Subway Station,449 University Avenue,6.0,"43.6462176,-79.3855048"
Queen Station,171 Yonge Street,6.0,"43.6462176,-79.3855048"
King Station,3 King Street E,6.0,"43.6462176,-79.3855048"
Queen Subway Station,8 Queen Street W,6.0,"43.6462176,-79.3855048"
Pape Subway Station,743 Pape Avenue,3.0,"43.6753188,-79.3462789"
Broadview Subway Station,769 Broadview Avenue,3.0,"43.6753188,-79.3462789"
Chester Station,22 Chester Avenue,3.0,"43.6753188,-79.3462789"
Broadview Subway Station,769 Broadview Avenue,3.0,"43.6720273,-79.3470557"
Pape Subway Station,743 Pape Avenue,3.0,"43.6720273,-79.3470557"
Chester Station,22 Chester Avenue,3.0,"43.6720273,-79.3470557"
Exhibition GO Station,Manitoba Drive,1.0,"43.637981,-79.424146"
Exhibition GO Station,Manitoba Drive,1.0,"43.640885,-79.416379"
King Station,3 King Street E,1.0,"43.6552778,-79.36583333333333"
Bloor-Yonge Subway Station,20 Bloor Street E,2.0,"43.6712581,-79.376367"
Wellesley Subway Station,16 Wellesley Street E,2.0,"43.6712581,-79.376367"
Union Station,65 Front Street W,6.0,"43.648575,-79.380042"
VIA Rail Canada,65 Front Street  W,6.0,"43.648575,-79.380042"
Queen Station,171 Yonge Street,6.0,"43.648575,-79.380042"
King Station,3 King Street E,6.0,"43.648575,-79.380042"
St Patrick Subway Station,449 University Avenue,6.0,"43.648575,-79.380042"
Queen Subway Station,8 Queen Street W,6.0,"43.648575,-79.380042"
Union Station,65 Front Street W,4.0,"43.643473,-79.390477"
VIA Rail Canada,65 Front Street  W,4.0,"43.643473,-79.390477"
Queen Station,171 Yonge Street,4.0,"43.643473,-79.390477"
Queen Subway Station,8 Queen Street W,4.0,"43.643473,-79.390477"
Union Station,65 Front Street W,6.0,"43.645859,-79.38783"
VIA Rail Canada,65 Front Street  W,6.0,"43.645859,-79.38783"
St Patrick Subway Station,449 University Avenue,6.0,"43.645859,-79.38783"
Queen Station,171 Yonge Street,6.0,"43.645859,-79.38783"
King Station,3 King Street E,6.0,"43.645859,-79.38783"
Queen Subway Station,8 Queen Street W,6.0,"43.645859,-79.38783"
Union Station,65 Front Street W,2.0,"43.640722,-79.391051"
VIA Rail Canada,65 Front Street  W,2.0,"43.640722,-79.391051"
Dundas Station,"Toronto, ON M5B 1J3",4.0,"43.66207,-79.37617"
Wellesley Subway Station,16 Wellesley Street E,4.0,"43.66207,-79.37617"
Bloor-Yonge Subway Station,20 Bloor Street E,4.0,"43.66207,-79.37617"
St Patrick Subway Station,449 University Avenue,4.0,"43.66207,-79.37617"
Museum Subway Station,75 Queen's Park,6.0,"43.665801,-79.384796"
Wellesley Subway Station,16 Wellesley Street E,6.0,"43.665801,-79.384796"
Bloor-Yonge Subway Station,20 Bloor Street E,6.0,"43.665801,-79.384796"
Dundas Station,"Toronto, ON M5B 1J3",6.0,"43.665801,-79.384796"
Bay Subway Station,1240 Bay Street,6.0,"43.665801,-79.384796"
Queen's Park Subway Station,129 College Street,6.0,"43.665801,-79.384796"
Museum Subway Station,75 Queen's Park,6.0,"43.668153,-79.38891"
Bloor-Yonge Subway Station,20 Bloor Street E,6.0,"43.668153,-79.38891"
Wellesley Subway Station,16 Wellesley Street E,6.0,"43.668153,-79.38891"
Dundas Station,"Toronto, ON M5B 1J3",6.0,"43.668153,-79.38891"
Bay Subway Station,1240 Bay Street,6.0,"43.668153,-79.38891"
Queen's Park Subway Station,129 College Street,6.0,"43.668153,-79.38891"
Dundas Station,"Toronto, ON M5B 1J3",6.0,"43.657024,-79.377257"
Queen Station,171 Yonge Street,6.0,"43.657024,-79.377257"
Wellesley Subway Station,16 Wellesley Street E,6.0,"43.657024,-79.377257"
St Patrick Subway Station,449 University Avenue,6.0,"43.657024,-79.377257"
King Station,3 King Street E,6.0,"43.657024,-79.377257"
Queen Subway Station,8 Queen Street W,6.0,"43.657024,-79.377257"
Museum Subway Station,75 Queen's Park,7.0,"43.662862,-79.383572"
Dundas Station,"Toronto, ON M5B 1J3",7.0,"43.662862,-79.383572"
Wellesley Subway Station,16 Wellesley Street E,7.0,"43.662862,-79.383572"
Bloor-Yonge Subway Station,20 Bloor Street E,7.0,"43.662862,-79.383572"
St Patrick Subway Station,449 University Avenue,7.0,"43.662862,-79.383572"
Bay Subway Station,1240 Bay Street,7.0,"43.662862,-79.383572"
Queen's Park Subway Station,129 College Street,7.0,"43.662862,-79.383572"
Union Station,65 Front Street W,7.0,"43.652276,-79.380701"
VIA Rail Canada,65 Front Street  W,7.0,"43.652276,-79.380701"
Queen Station,171 Yonge Street,7.0,"43.652276,-79.380701"
St Patrick Subway Station,449 University Avenue,7.0,"43.652276,-79.380701"
King Station,3 King Street E,7.0,"43.652276,-79.380701"
Queen Subway Station,8 Queen Street W,7.0,"43.652276,-79.380701"
Queen's Park Subway Station,129 College Street,7.0,"43.652276,-79.380701"
Union Station,65 Front Street W,5.0,"43.6476616,-79.37549"
VIA Rail Canada,65 Front Street  W,5.0,"43.6476616,-79.37549"
King Station,3 King Street E,5.0,"43.6476616,-79.37549"
Queen Station,171 Yonge Street,5.0,"43.6476616,-79.37549"
Queen Subway Station,8 Queen Street W,5.0,"43.6476616,-79.37549"
Union Station,65 Front Street W,5.0,"43.6487245,-79.36839"
VIA Rail Canada,65 Front Street  W,5.0,"43.6487245,-79.36839"
Queen Station,171 Yonge Street,5.0,"43.6487245,-79.36839"
King Station,3 King Street E,5.0,"43.6487245,-79.36839"
Queen Subway Station,8 Queen Street W,5.0,"43.6487245,-79.36839"
Dundas Station,"Toronto, ON M5B 1J3",2.0,"43.663102,-79.373181"
Wellesley Subway Station,16 Wellesley Street E,2.0,"43.663102,-79.373181"
Union Station,65 Front Street W,6.0,"43.64852,-79.380576"
VIA Rail Canada,65 Front Street  W,6.0,"43.64852,-79.380576"
Queen Station,171 Yonge Street,6.0,"43.64852,-79.380576"
King Station,3 King Street E,6.0,"43.64852,-79.380576"
St Patrick Subway Station,449 University Avenue,6.0,"43.64852,-79.380576"
Queen Subway Station,8 Queen Street W,6.0,"43.64852,-79.380576"
St Patrick Subway Station,449 University Avenue,6.0,"43.656026,-79.385327"
Dundas Station,"Toronto, ON M5B 1J3",6.0,"43.656026,-79.385327"
Queen Station,171 Yonge Street,6.0,"43.656026,-79.385327"
King Station,3 King Street E,6.0,"43.656026,-79.385327"
Queen's Park Subway Station,129 College Street,6.0,"43.656026,-79.385327"
Queen Subway Station,8 Queen Street W,6.0,"43.656026,-79.385327"
St Clair West Subway Station,370 St Clair Ave W,1.0,"43.677778,-79.405556"
Union Station,65 Front Street W,3.0,"43.641646,-79.375308"
VIA Rail Canada,65 Front Street  W,3.0,"43.641646,-79.375308"
King Station,3 King Street E,3.0,"43.641646,-79.375308"
Union Station,65 Front Street W,6.0,"43.646162,-79.378912"
VIA Rail Canada,65 Front Street  W,6.0,"43.646162,-79.378912"
King Station,3 King Street E,6.0,"43.646162,-79.378912"
Queen Station,171 Yonge Street,6.0,"43.646162,-79.378912"
St Patrick Subway Station,449 University Avenue,6.0,"43.646162,-79.378912"
Queen Subway Station,8 Queen Street W,6.0,"43.646162,-79.378912"
Main Street Subway Station,315 Main Street,2.0,"43.687323,-79.304848"
Danforth GO,213 Main Street,2.0,"43.687323,-79.304848"
Bloor-Yonge Subway Station,20 Bloor Street E,4.0,"43.668991,-79.379385"
Wellesley Subway Station,16 Wellesley Street E,4.0,"43.668991,-79.379385"
Dundas Station,"Toronto, ON M5B 1J3",4.0,"43.668991,-79.379385"
Bay Subway Station,1240 Bay Street,4.0,"43.668991,-79.379385"
Museum Subway Station,75 Queen's Park,7.0,"43.6622222,-79.3825"
Dundas Station,"Toronto, ON M5B 1J3",7.0,"43.6622222,-79.3825"
Wellesley Subway Station,16 Wellesley Street E,7.0,"43.6622222,-79.3825"
Bloor-Yonge Subway Station,20 Bloor Street E,7.0,"43.6622222,-79.3825"
St Patrick Subway Station,449 University Avenue,7.0,"43.6622222,-79.3825"
Queen's Park Subway Station,129 College Street,7.0,"43.6622222,-79.3825"
Bay Subway Station,1240 Bay Street,7.0,"43.6622222,-79.3825"
St Patrick Subway Station,449 University Avenue,4.0,"43.6575,-79.39527777777778"
Dundas Station,"Toronto, ON M5B 1J3",4.0,"43.6575,-79.39527777777778"
Wellesley Subway Station,16 Wellesley Street E,4.0,"43.6575,-79.39527777777778"
Queen's Park Subway Station,129 College Street,4.0,"43.6575,-79.39527777777778"
Dundas Station,"Toronto, ON M5B 1J3",7.0,"43.657424,-79.381019"
St Patrick Subway Station,449 University Avenue,7.0,"43.657424,-79.381019"
Wellesley Subway Station,16 Wellesley Street E,7.0,"43.657424,-79.381019"
Queen Station,171 Yonge Street,7.0,"43.657424,-79.381019"
King Station,3 King Street E,7.0,"43.657424,-79.381019"
Queen's Park Subway Station,129 College Street,7.0,"43.657424,-79.381019"
Queen Subway Station,8 Queen Street W,7.0,"43.657424,-79.381019"
Union Station,65 Front Street W,6.0,"43.64595,-79.378761"
VIA Rail Canada,65 Front Street  W,6.0,"43.64595,-79.378761"
King Station,3 King Street E,6.0,"43.64595,-79.378761"
Queen Station,171 Yonge Street,6.0,"43.64595,-79.378761"
St Patrick Subway Station,449 University Avenue,6.0,"43.64595,-79.378761"
Queen Subway Station,8 Queen Street W,6.0,"43.64595,-79.378761"
Museum Subway Station,75 Queen's Park,6.0,"43.668427,-79.38725"
Bloor-Yonge Subway Station,20 Bloor Street E,6.0,"43.668427,-79.38725"
Wellesley Subway Station,16 Wellesley Street E,6.0,"43.668427,-79.38725"
Dundas Station,"Toronto, ON M5B 1J3",6.0,"43.668427,-79.38725"
Bay Subway Station,1240 Bay Street,6.0,"43.668427,-79.38725"
Queen's Park Subway Station,129 College Street,6.0,"43.668427,-79.38725"
Museum Subway Station,75 Queen's Park,5.0,"43.669604,-79.381171"
Bloor-Yonge Subway Station,20 Bloor Street E,5.0,"43.669604,-79.381171"
Wellesley Subway Station,16 Wellesley Street E,5.0,"43.669604,-79.381171"
Dundas Station,"Toronto, ON M5B 1J3",5.0,"43.669604,-79.381171"
Bay Subway Station,1240 Bay Street,5.0,"43.669604,-79.381171"
Museum Subway Station,75 Queen's Park,4.0,"43.66986,-79.398443"
Spadina Subway Station,6 Spadina Road,4.0,"43.66986,-79.398443"
Bloor-Yonge Subway Station,20 Bloor Street E,4.0,"43.66986,-79.398443"
Bay Subway Station,1240 Bay Street,4.0,"43.66986,-79.398443"
Bloor GO Station,1456 Bloor Street W,2.0,"43.650492,-79.450842"
Keele Subway Station,21 Keele Street,2.0,"43.650492,-79.450842"
Bloor GO Station,1456 Bloor Street W,1.0,"43.649172,-79.4445087"
Ossington Subway Station,746 Ossington Avenue,3.0,"43.663912,-79.416124"
Spadina Subway Station,6 Spadina Road,3.0,"43.663912,-79.416124"
Bathurst Subway Station,819 Bathurst Street,3.0,"43.663912,-79.416124"
Union Station,65 Front Street W,6.0,"43.6458569,-79.3853654"
VIA Rail Canada,65 Front Street  W,6.0,"43.6458569,-79.3853654"
St Patrick Subway Station,449 University Avenue,6.0,"43.6458569,-79.3853654"
Queen Station,171 Yonge Street,6.0,"43.6458569,-79.3853654"
King Station,3 King Street E,6.0,"43.6458569,-79.3853654"
Queen Subway Station,8 Queen Street W,6.0,"43.6458569,-79.3853654"
Queen Station,171 Yonge Street,2.0,"43.658816,-79.367318"
Queen Subway Station,8 Queen Street W,2.0,"43.658816,-79.367318"
Bloor GO Station,1456 Bloor Street W,2.0,"43.654004,-79.444792"
Dufferin Subway Station,1006 Dufferin Street,2.0,"43.654004,-79.444792"
Museum Subway Station,75 Queen's Park,5.0,"43.673768,-79.391253"
Bloor-Yonge Subway Station,20 Bloor Street E,5.0,"43.673768,-79.391253"
Wellesley Subway Station,16 Wellesley Street E,5.0,"43.673768,-79.391253"
Bay Subway Station,1240 Bay Street,5.0,"43.673768,-79.391253"
Summerhill Subway Station,16 Shaftesbury Ave,5.0,"43.673768,-79.391253"
St Patrick Subway Station,449 University Avenue,2.0,"43.654074,-79.398115"
Queen's Park Subway Station,129 College Street,2.0,"43.654074,-79.398115"
Main Street Subway Station,315 Main Street,2.0,"43.684261,-79.299332"
Danforth GO,213 Main Street,2.0,"43.684261,-79.299332"
Danforth GO,213 Main Street,1.0,"43.678685,-79.297974"
Runnymede Station,265 Runnymede Road,3.0,"43.65143,-79.47779"
High Park Subway Station,35 Quebec Avenue,3.0,"43.65143,-79.47779"
Jane Station,15 Jane Street,3.0,"43.65143,-79.47779"
Jane Station,15 Jane Street,3.0,"43.64976,-79.48477"
Old Mill Station,2672 Bloor Street W,3.0,"43.64976,-79.48477"
Runnymede Station,265 Runnymede Road,3.0,"43.64976,-79.48477"
Bloor GO Station,1456 Bloor Street W,2.0,"43.664182,-79.449066"
Keele Subway Station,21 Keele Street,2.0,"43.664182,-79.449066"
Union Station,65 Front Street W,2.0,"43.64407,-79.3929"
VIA Rail Canada,65 Front Street  W,2.0,"43.64407,-79.3929"
Mimico GO Station,"Toronto, ON",1.0,"43.61868,-79.48674"
Union Station,65 Front Street W,5.0,"43.6442,-79.38702"
VIA Rail Canada,65 Front Street  W,5.0,"43.6442,-79.38702"
Queen Station,171 Yonge Street,5.0,"43.6442,-79.38702"
King Station,3 King Street E,5.0,"43.6442,-79.38702"
Queen Subway Station,8 Queen Street W,5.0,"43.6442,-79.38702"
Union Station,65 Front Street W,3.0,"43.64283,-79.38409"
VIA Rail Canada,65 Front Street  W,3.0,"43.64283,-79.38409"
King Station,3 King Street E,3.0,"43.64283,-79.38409"
Runnymede Station,265 Runnymede Road,3.0,"43.65182,-79.47421"
High Park Subway Station,35 Quebec Avenue,3.0,"43.65182,-79.47421"
Jane Station,15 Jane Street,3.0,"43.65182,-79.47421"
St Clair West Subway Station,370 St Clair Ave W,1.0,"43.685569,-79.408019"
Union Station,65 Front Street W,5.0,"43.651678,-79.375233"
VIA Rail Canada,65 Front Street  W,5.0,"43.651678,-79.375233"
Queen Station,171 Yonge Street,5.0,"43.651678,-79.375233"
King Station,3 King Street E,5.0,"43.651678,-79.375233"
Queen Subway Station,8 Queen Street W,5.0,"43.651678,-79.375233"
Union Station,65 Front Street W,7.0,"43.651838,-79.378743"
VIA Rail Canada,65 Front Street  W,7.0,"43.651838,-79.378743"
Queen Station,171 Yonge Street,7.0,"43.651838,-79.378743"
St Patrick Subway Station,449 University Avenue,7.0,"43.651838,-79.378743"
King Station,3 King Street E,7.0,"43.651838,-79.378743"
Queen Subway Station,8 Queen Street W,7.0,"43.651838,-79.378743"
Queen's Park Subway Station,129 College Street,7.0,"43.651838,-79.378743"
High Park Subway Station,35 Quebec Avenue,2.0,"43.645653,-79.464366"
Runnymede Station,265 Runnymede Road,2.0,"43.645653,-79.464366"
Museum Subway Station,75 Queen's Park,7.0,"43.665221,-79.394009"
Spadina Subway Station,6 Spadina Road,7.0,"43.665221,-79.394009"
Bloor-Yonge Subway Station,20 Bloor Street E,7.0,"43.665221,-79.394009"
Wellesley Subway Station,16 Wellesley Street E,7.0,"43.665221,-79.394009"
Dundas Station,"Toronto, ON M5B 1J3",7.0,"43.665221,-79.394009"
Bay Subway Station,1240 Bay Street,7.0,"43.665221,-79.394009"
Queen's Park Subway Station,129 College Street,7.0,"43.665221,-79.394009"
Bloor-Yonge Subway Station,20 Bloor Street E,3.0,"43.669232,-79.374495"
Wellesley Subway Station,16 Wellesley Street E,3.0,"43.669232,-79.374495"
Dundas Station,"Toronto, ON M5B 1J3",3.0,"43.669232,-79.374495"
Exhibition GO Station,Manitoba Drive,1.0,"43.640075,-79.414156"
Pape Subway Station,743 Pape Avenue,3.0,"43.678285,-79.347346"
Broadview Subway Station,769 Broadview Avenue,3.0,"43.678285,-79.347346"
Chester Station,22 Chester Avenue,3.0,"43.678285,-79.347346"
Main Street Subway Station,315 Main Street,2.0,"43.694826,-79.295208"
Danforth GO,213 Main Street,2.0,"43.694826,-79.295208"
Greenwood Yard,400 Greenwood Avenue,1.0,"43.673118,-79.318651"
Main Street Subway Station,315 Main Street,2.0,"43.689293,-79.295895"
Danforth GO,213 Main Street,2.0,"43.689293,-79.295895"
High Park Subway Station,35 Quebec Avenue,2.0,"43.66073,-79.47149"
Keele Subway Station,21 Keele Street,2.0,"43.66073,-79.47149"
Exhibition GO Station,Manitoba Drive,1.0,"43.63121,-79.41414"
Ossington Subway Station,746 Ossington Avenue,2.0,"43.66189,-79.42679"
Dufferin Subway Station,1006 Dufferin Street,2.0,"43.66189,-79.42679"
High Park Subway Station,35 Quebec Avenue,3.0,"43.65389,-79.4675"
Keele Subway Station,21 Keele Street,3.0,"43.65389,-79.4675"
Runnymede Station,265 Runnymede Road,3.0,"43.65389,-79.4675"
St Clair West Subway Station,370 St Clair Ave W,1.0,"43.68114,-79.4277"
Greenwood Yard,400 Greenwood Avenue,1.0,"43.669813,-79.3335"
Exhibition GO Station,Manitoba Drive,1.0,"43.638426,-79.429142"
Museum Subway Station,75 Queen's Park,7.0,"43.65988,-79.38279"
Dundas Station,"Toronto, ON M5B 1J3",7.0,"43.65988,-79.38279"
Wellesley Subway Station,16 Wellesley Street E,7.0,"43.65988,-79.38279"
St Patrick Subway Station,449 University Avenue,7.0,"43.65988,-79.38279"
Queen Station,171 Yonge Street,7.0,"43.65988,-79.38279"
Queen's Park Subway Station,129 College Street,7.0,"43.65988,-79.38279"
Queen Subway Station,8 Queen Street W,7.0,"43.65988,-79.38279"
Museum Subway Station,75 Queen's Park,5.0,"43.667023,-79.401805"
Spadina Subway Station,6 Spadina Road,5.0,"43.667023,-79.401805"
Bathurst Subway Station,819 Bathurst Street,5.0,"43.667023,-79.401805"
Bay Subway Station,1240 Bay Street,5.0,"43.667023,-79.401805"
Queen's Park Subway Station,129 College Street,5.0,"43.667023,-79.401805"
Spadina Subway Station,6 Spadina Road,2.0,"43.66842,-79.410585"
Bathurst Subway Station,819 Bathurst Street,2.0,"43.66842,-79.410585"
Keele Subway Station,21 Keele Street,1.0,"43.66402,-79.46418"
Wellesley Subway Station,16 Wellesley Street E,1.0,"43.671278,-79.372127"
Museum Subway Station,75 Queen's Park,6.0,"43.66834,-79.38235"
Bloor-Yonge Subway Station,20 Bloor Street E,6.0,"43.66834,-79.38235"
Wellesley Subway Station,16 Wellesley Street E,6.0,"43.66834,-79.38235"
Dundas Station,"Toronto, ON M5B 1J3",6.0,"43.66834,-79.38235"
Bay Subway Station,1240 Bay Street,6.0,"43.66834,-79.38235"
Queen's Park Subway Station,129 College Street,6.0,"43.66834,-79.38235"
Union Station,65 Front Street W,8.0,"43.65263,-79.38766"
VIA Rail Canada,65 Front Street  W,8.0,"43.65263,-79.38766"
St Patrick Subway Station,449 University Avenue,8.0,"43.65263,-79.38766"
Dundas Station,"Toronto, ON M5B 1J3",8.0,"43.65263,-79.38766"
Queen Station,171 Yonge Street,8.0,"43.65263,-79.38766"
King Station,3 King Street E,8.0,"43.65263,-79.38766"
Queen's Park Subway Station,129 College Street,8.0,"43.65263,-79.38766"
Queen Subway Station,8 Queen Street W,8.0,"43.65263,-79.38766"
Union Station,65 Front Street W,7.0,"43.65158,-79.38655"
VIA Rail Canada,65 Front Street  W,7.0,"43.65158,-79.38655"
St Patrick Subway Station,449 University Avenue,7.0,"43.65158,-79.38655"
Queen Station,171 Yonge Street,7.0,"43.65158,-79.38655"
King Station,3 King Street E,7.0,"43.65158,-79.38655"
Queen's Park Subway Station,129 College Street,7.0,"43.65158,-79.38655"
Queen Subway Station,8 Queen Street W,7.0,"43.65158,-79.38655"
Main Street Subway Station,315 Main Street,2.0,"43.694341,-79.291416"
Danforth GO,213 Main Street,2.0,"43.694341,-79.291416"
Union Station,65 Front Street W,5.0,"43.64422,-79.36927"
VIA Rail Canada,65 Front Street  W,5.0,"43.64422,-79.36927"
King Station,3 King Street E,5.0,"43.64422,-79.36927"
Queen Station,171 Yonge Street,5.0,"43.64422,-79.36927"
Queen Subway Station,8 Queen Street W,5.0,"43.64422,-79.36927"
St Patrick Subway Station,449 University Avenue,1.0,"43.6462574,-79.3973381"
High Park Subway Station,35 Quebec Avenue,2.0,"43.645599,-79.4657123"
Runnymede Station,265 Runnymede Road,2.0,"43.645599,-79.4657123"
Museum Subway Station,75 Queen's Park,6.0,"43.66663,-79.38148"
Wellesley Subway Station,16 Wellesley Street E,6.0,"43.66663,-79.38148"
Bloor-Yonge Subway Station,20 Bloor Street E,6.0,"43.66663,-79.38148"
Dundas Station,"Toronto, ON M5B 1J3",6.0,"43.66663,-79.38148"
Bay Subway Station,1240 Bay Street,6.0,"43.66663,-79.38148"
Queen's Park Subway Station,129 College Street,6.0,"43.66663,-79.38148"
Main Street Subway Station,315 Main Street,2.0,"43.685221,-79.294766"
Danforth GO,213 Main Street,2.0,"43.685221,-79.294766"
Union Station,65 Front Street W,2.0,"43.63951,-79.383717"
VIA Rail Canada,65 Front Street  W,2.0,"43.63951,-79.383717"
Union Station,65 Front Street W,3.0,"43.641529,-79.386741"
VIA Rail Canada,65 Front Street  W,3.0,"43.641529,-79.386741"
King Station,3 King Street E,3.0,"43.641529,-79.386741"
Exhibition GO Station,Manitoba Drive,1.0,"43.6417852,-79.4131148"
Dundas Station,"Toronto, ON M5B 1J3",6.0,"43.655766,-79.3802"
St Patrick Subway Station,449 University Avenue,6.0,"43.655766,-79.3802"
Queen Station,171 Yonge Street,6.0,"43.655766,-79.3802"
King Station,3 King Street E,6.0,"43.655766,-79.3802"
Queen's Park Subway Station,129 College Street,6.0,"43.655766,-79.3802"
Queen Subway Station,8 Queen Street W,6.0,"43.655766,-79.3802"
Museum Subway Station,75 Queen's Park,6.0,"43.664088,-79.387095"
Wellesley Subway Station,16 Wellesley Street E,6.0,"43.664088,-79.387095"
Bloor-Yonge Subway Station,20 Bloor Street E,6.0,"43.664088,-79.387095"
Dundas Station,"Toronto, ON M5B 1J3",6.0,"43.664088,-79.387095"
Bay Subway Station,1240 Bay Street,6.0,"43.664088,-79.387095"
Queen's Park Subway Station,129 College Street,6.0,"43.664088,-79.387095"
High Park Subway Station,35 Quebec Avenue,3.0,"43.65917,-79.46997"
Keele Subway Station,21 Keele Street,3.0,"43.65917,-79.46997"
Runnymede Station,265 Runnymede Road,3.0,"43.65917,-79.46997"
Bloor-Yonge Subway Station,20 Bloor Street E,3.0,"43.671535,-79.379173"
Wellesley Subway Station,16 Wellesley Street E,3.0,"43.671535,-79.379173"
Bay Subway Station,1240 Bay Street,3.0,"43.671535,-79.379173"
Union Station,65 Front Street W,6.0,"43.646734,-79.38301"
VIA Rail Canada,65 Front Street  W,6.0,"43.646734,-79.38301"
St Patrick Subway Station,449 University Avenue,6.0,"43.646734,-79.38301"
Queen Station,171 Yonge Street,6.0,"43.646734,-79.38301"
King Station,3 King Street E,6.0,"43.646734,-79.38301"
Queen Subway Station,8 Queen Street W,6.0,"43.646734,-79.38301"
Spadina Subway Station,6 Spadina Road,2.0,"43.6662942,-79.4066433"
Bathurst Subway Station,819 Bathurst Street,2.0,"43.6662942,-79.4066433"
St Clair West Subway Station,370 St Clair Ave W,1.0,"43.675278,-79.423889"
Union Station,65 Front Street W,6.0,"43.648928,-79.378623"
VIA Rail Canada,65 Front Street  W,6.0,"43.648928,-79.378623"
King Station,3 King Street E,6.0,"43.648928,-79.378623"
Queen Station,171 Yonge Street,6.0,"43.648928,-79.378623"
St Patrick Subway Station,449 University Avenue,6.0,"43.648928,-79.378623"
Queen Subway Station,8 Queen Street W,6.0,"43.648928,-79.378623"
Union Station,65 Front Street W,5.0,"43.6509552,-79.3707"
VIA Rail Canada,65 Front Street  W,5.0,"43.6509552,-79.3707"
Queen Station,171 Yonge Street,5.0,"43.6509552,-79.3707"
King Station,3 King Street E,5.0,"43.6509552,-79.3707"
Queen Subway Station,8 Queen Street W,5.0,"43.6509552,-79.3707"
Union Station,65 Front Street W,6.0,"43.652777,-79.372637"
VIA Rail Canada,65 Front Street  W,6.0,"43.652777,-79.372637"
Queen Station,171 Yonge Street,6.0,"43.652777,-79.372637"
Dundas Station,"Toronto, ON M5B 1J3",6.0,"43.652777,-79.372637"
King Station,3 King Street E,6.0,"43.652777,-79.372637"
Queen Subway Station,8 Queen Street W,6.0,"43.652777,-79.372637"
Bloor GO Station,1456 Bloor Street W,1.0,"43.665538,-79.451263"
Union Station,65 Front Street W,5.0,"43.650325,-79.372287"
VIA Rail Canada,65 Front Street  W,5.0,"43.650325,-79.372287"
Queen Station,171 Yonge Street,5.0,"43.650325,-79.372287"
King Station,3 King Street E,5.0,"43.650325,-79.372287"
Queen Subway Station,8 Queen Street W,5.0,"43.650325,-79.372287"
Museum Subway Station,75 Queen's Park,5.0,"43.66943,-79.38915"
Bloor-Yonge Subway Station,20 Bloor Street E,5.0,"43.66943,-79.38915"
Wellesley Subway Station,16 Wellesley Street E,5.0,"43.66943,-79.38915"
Dundas Station,"Toronto, ON M5B 1J3",5.0,"43.66943,-79.38915"
Bay Subway Station,1240 Bay Street,5.0,"43.66943,-79.38915"
Museum Subway Station,75 Queen's Park,5.0,"43.669244,-79.3894"
Bloor-Yonge Subway Station,20 Bloor Street E,5.0,"43.669244,-79.3894"
Wellesley Subway Station,16 Wellesley Street E,5.0,"43.669244,-79.3894"
Dundas Station,"Toronto, ON M5B 1J3",5.0,"43.669244,-79.3894"
Bay Subway Station,1240 Bay Street,5.0,"43.669244,-79.3894"
St Clair West Subway Station,370 St Clair Ave W,1.0,"43.688526,-79.412903"
St Clair West Subway Station,370 St Clair Ave W,1.0,"43.683351,-79.41562"
Dundas Station,"Toronto, ON M5B 1J3",5.0,"43.6574766,-79.373446"
Wellesley Subway Station,16 Wellesley Street E,5.0,"43.6574766,-79.373446"
Queen Station,171 Yonge Street,5.0,"43.6574766,-79.373446"
King Station,3 King Street E,5.0,"43.6574766,-79.373446"
Queen Subway Station,8 Queen Street W,5.0,"43.6574766,-79.373446"
Union Station,65 Front Street W,6.0,"43.647259,-79.379878"
VIA Rail Canada,65 Front Street  W,6.0,"43.647259,-79.379878"
King Station,3 King Street E,6.0,"43.647259,-79.379878"
Queen Station,171 Yonge Street,6.0,"43.647259,-79.379878"
St Patrick Subway Station,449 University Avenue,6.0,"43.647259,-79.379878"
Queen Subway Station,8 Queen Street W,6.0,"43.647259,-79.379878"
Union Station,65 Front Street W,5.0,"43.65003919999999,-79.3733541"
VIA Rail Canada,65 Front Street  W,5.0,"43.65003919999999,-79.3733541"
Queen Station,171 Yonge Street,5.0,"43.65003919999999,-79.3733541"
King Station,3 King Street E,5.0,"43.65003919999999,-79.3733541"
Queen Subway Station,8 Queen Street W,5.0,"43.65003919999999,-79.3733541"
Union Station,65 Front Street W,8.0,"43.653264,-79.382458"
VIA Rail Canada,65 Front Street  W,8.0,"43.653264,-79.382458"
St Patrick Subway Station,449 University Avenue,8.0,"43.653264,-79.382458"
Queen Station,171 Yonge Street,8.0,"43.653264,-79.382458"
Dundas Station,"Toronto, ON M5B 1J3",8.0,"43.653264,-79.382458"
King Station,3 King Street E,8.0,"43.653264,-79.382458"
Queen's Park Subway Station,129 College Street,8.0,"43.653264,-79.382458"
Queen Subway Station,8 Queen Street W,8.0,"43.653264,-79.382458"
Museum Subway Station,75 Queen's Park,7.0,"43.663376,-79.392125"
Bloor-Yonge Subway Station,20 Bloor Street E,7.0,"43.663376,-79.392125"
Wellesley Subway Station,16 Wellesley Street E,7.0,"43.663376,-79.392125"
Dundas Station,"Toronto, ON M5B 1J3",7.0,"43.663376,-79.392125"
St Patrick Subway Station,449 University Avenue,7.0,"43.663376,-79.392125"
Queen's Park Subway Station,129 College Street,7.0,"43.663376,-79.392125"
Bay Subway Station,1240 Bay Street,7.0,"43.663376,-79.392125"
Museum Subway Station,75 Queen's Park,7.0,"43.660439,-79.385525"
Dundas Station,"Toronto, ON M5B 1J3",7.0,"43.660439,-79.385525"
Wellesley Subway Station,16 Wellesley Street E,7.0,"43.660439,-79.385525"
St Patrick Subway Station,449 University Avenue,7.0,"43.660439,-79.385525"
Queen Station,171 Yonge Street,7.0,"43.660439,-79.385525"
Queen's Park Subway Station,129 College Street,7.0,"43.660439,-79.385525"
Queen Subway Station,8 Queen Street W,7.0,"43.660439,-79.385525"
Museum Subway Station,75 Queen's Park,7.0,"43.659226,-79.390213"
Dundas Station,"Toronto, ON M5B 1J3",7.0,"43.659226,-79.390213"
St Patrick Subway Station,449 University Avenue,7.0,"43.659226,-79.390213"
Wellesley Subway Station,16 Wellesley Street E,7.0,"43.659226,-79.390213"
Queen's Park Subway Station,129 College Street,7.0,"43.659226,-79.390213"
Queen Station,171 Yonge Street,7.0,"43.659226,-79.390213"
Queen Subway Station,8 Queen Street W,7.0,"43.659226,-79.390213"
Museum Subway Station,75 Queen's Park,7.0,"43.65995,-79.38964"
Dundas Station,"Toronto, ON M5B 1J3",7.0,"43.65995,-79.38964"
Wellesley Subway Station,16 Wellesley Street E,7.0,"43.65995,-79.38964"
St Patrick Subway Station,449 University Avenue,7.0,"43.65995,-79.38964"
Queen's Park Subway Station,129 College Street,7.0,"43.65995,-79.38964"
Queen Station,171 Yonge Street,7.0,"43.65995,-79.38964"
Queen Subway Station,8 Queen Street W,7.0,"43.65995,-79.38964"
Museum Subway Station,75 Queen's Park,7.0,"43.661803,-79.389682"
Wellesley Subway Station,16 Wellesley Street E,7.0,"43.661803,-79.389682"
Dundas Station,"Toronto, ON M5B 1J3",7.0,"43.661803,-79.389682"
Bloor-Yonge Subway Station,20 Bloor Street E,7.0,"43.661803,-79.389682"
St Patrick Subway Station,449 University Avenue,7.0,"43.661803,-79.389682"
Queen's Park Subway Station,129 College Street,7.0,"43.661803,-79.389682"
Bay Subway Station,1240 Bay Street,7.0,"43.661803,-79.389682"
Museum Subway Station,75 Queen's Park,7.0,"43.660087,-79.385655"
Dundas Station,"Toronto, ON M5B 1J3",7.0,"43.660087,-79.385655"
Wellesley Subway Station,16 Wellesley Street E,7.0,"43.660087,-79.385655"
St Patrick Subway Station,449 University Avenue,7.0,"43.660087,-79.385655"
Queen Station,171 Yonge Street,7.0,"43.660087,-79.385655"
Queen's Park Subway Station,129 College Street,7.0,"43.660087,-79.385655"
Queen Subway Station,8 Queen Street W,7.0,"43.660087,-79.385655"
Mimico GO Station,"Toronto, ON",1.0,"43.6146692,-79.4873148"
Bloor GO Station,1456 Bloor Street W,1.0,"43.6486599,-79.4376413"
Exhibition GO Station,Manitoba Drive,1.0,"43.6423847,-79.4240277"
Ossington Subway Station,746 Ossington Avenue,1.0,"43.6702236,-79.4360232"
St Clair West Subway Station,370 St Clair Ave W,1.0,"43.67883,-79.408723"
Bloor-Yonge Subway Station,20 Bloor Street E,2.0,"43.6752732,-79.3778458"
Bay Subway Station,1240 Bay Street,2.0,"43.6752732,-79.3778458"
St Clair West Subway Station,370 St Clair Ave W,1.0,"43.6882821,-79.4253856"
Museum Subway Station,75 Queen's Park,3.0,"43.670206,-79.402643"
Spadina Subway Station,6 Spadina Road,3.0,"43.670206,-79.402643"
Bathurst Subway Station,819 Bathurst Street,3.0,"43.670206,-79.402643"
Spadina Subway Station,6 Spadina Road,2.0,"43.661559,-79.413845"
Bathurst Subway Station,819 Bathurst Street,2.0,"43.661559,-79.413845"
St Patrick Subway Station,449 University Avenue,3.0,"43.6560758,-79.393259"
Dundas Station,"Toronto, ON M5B 1J3",3.0,"43.6560758,-79.393259"
Queen's Park Subway Station,129 College Street,3.0,"43.6560758,-79.393259"
St Patrick Subway Station,449 University Avenue,4.0,"43.6580442,-79.3927404"
Dundas Station,"Toronto, ON M5B 1J3",4.0,"43.6580442,-79.3927404"
Wellesley Subway Station,16 Wellesley Street E,4.0,"43.6580442,-79.3927404"
Queen's Park Subway Station,129 College Street,4.0,"43.6580442,-79.3927404"
St Patrick Subway Station,449 University Avenue,2.0,"43.6568254,-79.3966159"
Queen's Park Subway Station,129 College Street,2.0,"43.6568254,-79.3966159"
Mimico GO Station,"Toronto, ON",1.0,"43.6171635,-79.4971065"
Mimico GO Station,"Toronto, ON",1.0,"43.612063,-79.496573"
Mimico GO Station,"Toronto, ON",1.0,"43.613606,-79.4883535"
Weston GO/UP Express Station,"Weston, ON",1.0,"43.698841,-79.519472"
Old Mill Station,2672 Bloor Street W,3.0,"43.658574,-79.487246"
Jane Station,15 Jane Street,3.0,"43.658574,-79.487246"
Runnymede Station,265 Runnymede Road,3.0,"43.658574,-79.487246"
Exhibition GO Station,Manitoba Drive,1.0,"43.6323994,-79.40978179999999"
Runnymede Station,265 Runnymede Road,2.0,"43.6438036,-79.4770327"
Jane Station,15 Jane Street,2.0,"43.6438036,-79.4770327"
Bloor-Yonge Subway Station,20 Bloor Street E,3.0,"43.666051,-79.374161"
Wellesley Subway Station,16 Wellesley Street E,3.0,"43.666051,-79.374161"
Dundas Station,"Toronto, ON M5B 1J3",3.0,"43.666051,-79.374161"
Summerhill Subway Station,16 Shaftesbury Ave,1.0,"43.68871,-79.39264"
TTC York University,120 Ian Macdonald Boulevard,2.0,"43.7696262,-79.5025943"
Pioneer Village Station,2800 Steeles Ave W,2.0,"43.7696262,-79.5025943"
TTC York University,120 Ian Macdonald Boulevard,1.0,"43.7641485,-79.5012809"
TTC York University,120 Ian Macdonald Boulevard,1.0,"43.76521,-79.491281"
Museum Subway Station,75 Queen's Park,4.0,"43.660274,-79.398049"
Spadina Subway Station,6 Spadina Road,4.0,"43.660274,-79.398049"
St Patrick Subway Station,449 University Avenue,4.0,"43.660274,-79.398049"
Queen's Park Subway Station,129 College Street,4.0,"43.660274,-79.398049"
Main Street Subway Station,315 Main Street,1.0,"43.696631,-79.297436"
Union Station,65 Front Street W,5.0,"43.650077,-79.391291"
VIA Rail Canada,65 Front Street  W,5.0,"43.650077,-79.391291"
St Patrick Subway Station,449 University Avenue,5.0,"43.650077,-79.391291"
Queen Station,171 Yonge Street,5.0,"43.650077,-79.391291"
Queen Subway Station,8 Queen Street W,5.0,"43.650077,-79.391291"
Union Station,65 Front Street W,7.0,"43.650745,-79.383633"
VIA Rail Canada,65 Front Street  W,7.0,"43.650745,-79.383633"
St Patrick Subway Station,449 University Avenue,7.0,"43.650745,-79.383633"
Queen Station,171 Yonge Street,7.0,"43.650745,-79.383633"
King Station,3 King Street E,7.0,"43.650745,-79.383633"
Queen's Park Subway Station,129 College Street,7.0,"43.650745,-79.383633"
Queen Subway Station,8 Queen Street W,7.0,"43.650745,-79.383633"
Eglinton West Subway Station,1300 Eglinton Avenue W,1.0,"43.6926825,-79.441042"
Museum Subway Station,75 Queen's Park,5.0,"43.6629228,-79.4018451"
Spadina Subway Station,6 Spadina Road,5.0,"43.6629228,-79.4018451"
Bathurst Subway Station,819 Bathurst Street,5.0,"43.6629228,-79.4018451"
Bay Subway Station,1240 Bay Street,5.0,"43.6629228,-79.4018451"
Queen's Park Subway Station,129 College Street,5.0,"43.6629228,-79.4018451"
Museum Subway Station,75 Queen's Park,4.0,"43.660296,-79.397107"
Spadina Subway Station,6 Spadina Road,4.0,"43.660296,-79.397107"
St Patrick Subway Station,449 University Avenue,4.0,"43.660296,-79.397107"
Queen's Park Subway Station,129 College Street,4.0,"43.660296,-79.397107"
Rouge Hill GO,6251 Lawrence Ave E,1.0,"43.788319,-79.123505"
Rouge Hill GO,6251 Lawrence Ave E,1.0,"43.7805505,-79.1301203"
Dufferin Subway Station,1006 Dufferin Street,2.0,"43.6632257,-79.4397052"
Bloor GO Station,1456 Bloor Street W,2.0,"43.6632257,-79.4397052"
Main Street Subway Station,315 Main Street,2.0,"43.680095,-79.291714"
Danforth GO,213 Main Street,2.0,"43.680095,-79.291714"
Danforth GO,213 Main Street,1.0,"43.691468,-79.288619"
Union Station,65 Front Street W,6.0,"43.645609,-79.380386"
VIA Rail Canada,65 Front Street  W,6.0,"43.645609,-79.380386"
King Station,3 King Street E,6.0,"43.645609,-79.380386"
Queen Station,171 Yonge Street,6.0,"43.645609,-79.380386"
St Patrick Subway Station,449 University Avenue,6.0,"43.645609,-79.380386"
Queen Subway Station,8 Queen Street W,6.0,"43.645609,-79.380386"
Museum Subway Station,75 Queen's Park,7.0,"43.6591666666667,-79.3855555555556"
Dundas Station,"Toronto, ON M5B 1J3",7.0,"43.6591666666667,-79.3855555555556"
Wellesley Subway Station,16 Wellesley Street E,7.0,"43.6591666666667,-79.3855555555556"
St Patrick Subway Station,449 University Avenue,7.0,"43.6591666666667,-79.3855555555556"
Queen Station,171 Yonge Street,7.0,"43.6591666666667,-79.3855555555556"
Queen's Park Subway Station,129 College Street,7.0,"43.6591666666667,-79.3855555555556"
Queen Subway Station,8 Queen Street W,7.0,"43.6591666666667,-79.3855555555556"
Queen Station,171 Yonge Street,2.0,"43.658777,-79.369596"
Queen Subway Station,8 Queen Street W,2.0,"43.658777,-79.369596"
Eglinton West Subway Station,1300 Eglinton Avenue W,1.0,"43.7004017,-79.4275305"
Museum Subway Station,75 Queen's Park,5.0,"43.6637403,-79.39806449999999"
Spadina Subway Station,6 Spadina Road,5.0,"43.6637403,-79.39806449999999"
Bloor-Yonge Subway Station,20 Bloor Street E,5.0,"43.6637403,-79.39806449999999"
Bay Subway Station,1240 Bay Street,5.0,"43.6637403,-79.39806449999999"
Queen's Park Subway Station,129 College Street,5.0,"43.6637403,-79.39806449999999"
Union Station,65 Front Street W,6.0,"43.6495789,-79.3762096"
VIA Rail Canada,65 Front Street  W,6.0,"43.6495789,-79.3762096"
Queen Station,171 Yonge Street,6.0,"43.6495789,-79.3762096"
King Station,3 King Street E,6.0,"43.6495789,-79.3762096"
St Patrick Subway Station,449 University Avenue,6.0,"43.6495789,-79.3762096"
Queen Subway Station,8 Queen Street W,6.0,"43.6495789,-79.3762096"
Museum Subway Station,75 Queen's Park,5.0,"43.6637,-79.400053"
Spadina Subway Station,6 Spadina Road,5.0,"43.6637,-79.400053"
Bathurst Subway Station,819 Bathurst Street,5.0,"43.6637,-79.400053"
Bay Subway Station,1240 Bay Street,5.0,"43.6637,-79.400053"
Queen's Park Subway Station,129 College Street,5.0,"43.6637,-79.400053"
Eglinton West Subway Station,1300 Eglinton Avenue W,1.0,"43.690903,-79.4375028"
Exhibition GO Station,Manitoba Drive,1.0,"43.643253094827294,-79.41230469904167"
Runnymede Station,265 Runnymede Road,1.0,"43.6596299,-79.4799176"
Ossington Subway Station,746 Ossington Avenue,2.0,"43.6608333,-79.43166666666667"
Dufferin Subway Station,1006 Dufferin Street,2.0,"43.6608333,-79.43166666666667"
Ossington Subway Station,746 Ossington Avenue,2.0,"43.66083333333333,-79.43583333333333"
Dufferin Subway Station,1006 Dufferin Street,2.0,"43.66083333333333,-79.43583333333333"
Mimico GO Station,"Toronto, ON",1.0,"43.6162721,-79.4990363"
Bloor GO Station,1456 Bloor Street W,2.0,"43.6641174,-79.4588522"
Keele Subway Station,21 Keele Street,2.0,"43.6641174,-79.4588522"
Exhibition GO Station,Manitoba Drive,1.0,"43.6424558,-79.4296346"
Pape Subway Station,743 Pape Avenue,3.0,"43.6800218,-79.3405681"
Chester Station,22 Chester Avenue,3.0,"43.6800218,-79.3405681"
Greenwood Yard,400 Greenwood Avenue,3.0,"43.6800218,-79.3405681"
St Patrick Subway Station,449 University Avenue,7.0,"43.65637299999999,-79.38781039999999"
Dundas Station,"Toronto, ON M5B 1J3",7.0,"43.65637299999999,-79.38781039999999"
Wellesley Subway Station,16 Wellesley Street E,7.0,"43.65637299999999,-79.38781039999999"
Queen Station,171 Yonge Street,7.0,"43.65637299999999,-79.38781039999999"
Queen's Park Subway Station,129 College Street,7.0,"43.65637299999999,-79.38781039999999"
King Station,3 King Street E,7.0,"43.65637299999999,-79.38781039999999"
Queen Subway Station,8 Queen Street W,7.0,"43.65637299999999,-79.38781039999999"
Dundas Station,"Toronto, ON M5B 1J3",7.0,"43.657838,-79.38631"
St Patrick Subway Station,449 University Avenue,7.0,"43.657838,-79.38631"
Wellesley Subway Station,16 Wellesley Street E,7.0,"43.657838,-79.38631"
Queen Station,171 Yonge Street,7.0,"43.657838,-79.38631"
Queen's Park Subway Station,129 College Street,7.0,"43.657838,-79.38631"
King Station,3 King Street E,7.0,"43.657838,-79.38631"
Queen Subway Station,8 Queen Street W,7.0,"43.657838,-79.38631"
Rouge Hill GO,6251 Lawrence Ave E,1.0,"43.778015,-79.131911"
Museum Subway Station,75 Queen's Park,4.0,"43.671389,-79.382919"
Bloor-Yonge Subway Station,20 Bloor Street E,4.0,"43.671389,-79.382919"
Wellesley Subway Station,16 Wellesley Street E,4.0,"43.671389,-79.382919"
Bay Subway Station,1240 Bay Street,4.0,"43.671389,-79.382919"
Museum Subway Station,75 Queen's Park,4.0,"43.671561,-79.38117"
Bloor-Yonge Subway Station,20 Bloor Street E,4.0,"43.671561,-79.38117"
Wellesley Subway Station,16 Wellesley Street E,4.0,"43.671561,-79.38117"
Bay Subway Station,1240 Bay Street,4.0,"43.671561,-79.38117"
Bloor-Yonge Subway Station,20 Bloor Street E,3.0,"43.669576,-79.375961"
Wellesley Subway Station,16 Wellesley Street E,3.0,"43.669576,-79.375961"
Dundas Station,"Toronto, ON M5B 1J3",3.0,"43.669576,-79.375961"
Museum Subway Station,75 Queen's Park,5.0,"43.669903,-79.387802"
Bloor-Yonge Subway Station,20 Bloor Street E,5.0,"43.669903,-79.387802"
Wellesley Subway Station,16 Wellesley Street E,5.0,"43.669903,-79.387802"
Dundas Station,"Toronto, ON M5B 1J3",5.0,"43.669903,-79.387802"
Bay Subway Station,1240 Bay Street,5.0,"43.669903,-79.387802"
High Park Subway Station,35 Quebec Avenue,2.0,"43.65412449999999,-79.4636388"
Keele Subway Station,21 Keele Street,2.0,"43.65412449999999,-79.4636388"
Pape Subway Station,743 Pape Avenue,2.0,"43.680207,-79.339243"
Greenwood Yard,400 Greenwood Avenue,2.0,"43.680207,-79.339243"
Ossington Subway Station,746 Ossington Avenue,3.0,"43.6589882,-79.438715"
Dufferin Subway Station,1006 Dufferin Street,3.0,"43.6589882,-79.438715"
Bloor GO Station,1456 Bloor Street W,3.0,"43.6589882,-79.438715"
Union Station,65 Front Street W,5.0,"43.6469928,-79.3706665"
VIA Rail Canada,65 Front Street  W,5.0,"43.6469928,-79.3706665"
King Station,3 King Street E,5.0,"43.6469928,-79.3706665"
Queen Station,171 Yonge Street,5.0,"43.6469928,-79.3706665"
Queen Subway Station,8 Queen Street W,5.0,"43.6469928,-79.3706665"
Broadview Subway Station,769 Broadview Avenue,1.0,"43.683884,-79.36647"
St Patrick Subway Station,449 University Avenue,7.0,"43.6578449,-79.3899265"
Dundas Station,"Toronto, ON M5B 1J3",7.0,"43.6578449,-79.3899265"
Wellesley Subway Station,16 Wellesley Street E,7.0,"43.6578449,-79.3899265"
Queen Station,171 Yonge Street,7.0,"43.6578449,-79.3899265"
Queen's Park Subway Station,129 College Street,7.0,"43.6578449,-79.3899265"
King Station,3 King Street E,7.0,"43.6578449,-79.3899265"
Queen Subway Station,8 Queen Street W,7.0,"43.6578449,-79.3899265"
Union Station,65 Front Street W,6.0,"43.6477785,-79.3847928"
VIA Rail Canada,65 Front Street  W,6.0,"43.6477785,-79.3847928"
St Patrick Subway Station,449 University Avenue,6.0,"43.6477785,-79.3847928"
Queen Station,171 Yonge Street,6.0,"43.6477785,-79.3847928"
King Station,3 King Street E,6.0,"43.6477785,-79.3847928"
Queen Subway Station,8 Queen Street W,6.0,"43.6477785,-79.3847928"
Main Street Subway Station,315 Main Street,2.0,"43.6856128,-79.31168269999999"
Danforth GO,213 Main Street,2.0,"43.6856128,-79.31168269999999"
Summerhill Subway Station,16 Shaftesbury Ave,1.0,"43.681944,-79.390556"
Greenwood Yard,400 Greenwood Avenue,1.0,"43.671771,-79.324961"
Pape Subway Station,743 Pape Avenue,2.0,"43.681114,-79.3373885"
Greenwood Yard,400 Greenwood Avenue,2.0,"43.681114,-79.3373885"
Exhibition GO Station,Manitoba Drive,1.0,"43.638925,-79.4168659"
Union Station,65 Front Street W,7.0,"43.652822,-79.378208"
VIA Rail Canada,65 Front Street  W,7.0,"43.652822,-79.378208"
Queen Station,171 Yonge Street,7.0,"43.652822,-79.378208"
St Patrick Subway Station,449 University Avenue,7.0,"43.652822,-79.378208"
Dundas Station,"Toronto, ON M5B 1J3",7.0,"43.652822,-79.378208"
King Station,3 King Street E,7.0,"43.652822,-79.378208"
Queen Subway Station,8 Queen Street W,7.0,"43.652822,-79.378208"
Dundas Station,"Toronto, ON M5B 1J3",7.0,"43.656311,-79.379158"
Queen Station,171 Yonge Street,7.0,"43.656311,-79.379158"
St Patrick Subway Station,449 University Avenue,7.0,"43.656311,-79.379158"
Wellesley Subway Station,16 Wellesley Street E,7.0,"43.656311,-79.379158"
King Station,3 King Street E,7.0,"43.656311,-79.379158"
Queen's Park Subway Station,129 College Street,7.0,"43.656311,-79.379158"
Queen Subway Station,8 Queen Street W,7.0,"43.656311,-79.379158"
Dundas Station,"Toronto, ON M5B 1J3",7.0,"43.656633,-79.379625"
St Patrick Subway Station,449 University Avenue,7.0,"43.656633,-79.379625"
Queen Station,171 Yonge Street,7.0,"43.656633,-79.379625"
Wellesley Subway Station,16 Wellesley Street E,7.0,"43.656633,-79.379625"
King Station,3 King Street E,7.0,"43.656633,-79.379625"
Queen's Park Subway Station,129 College Street,7.0,"43.656633,-79.379625"
Queen Subway Station,8 Queen Street W,7.0,"43.656633,-79.379625"
Museum Subway Station,75 Queen's Park,4.0,"43.672152,-79.39018"
Bloor-Yonge Subway Station,20 Bloor Street E,4.0,"43.672152,-79.39018"
Wellesley Subway Station,16 Wellesley Street E,4.0,"43.672152,-79.39018"
Bay Subway Station,1240 Bay Street,4.0,"43.672152,-79.39018"
Bloor GO Station,1456 Bloor Street W,1.0,"43.6504218,-79.4407647"
Summerhill Subway Station,16 Shaftesbury Ave,1.0,"43.68850459999999,-79.3940052"
Old Mill Station,2672 Bloor Street W,3.0,"43.647663,-79.487583"
Jane Station,15 Jane Street,3.0,"43.647663,-79.487583"
Runnymede Station,265 Runnymede Road,3.0,"43.647663,-79.487583"
St Patrick Subway Station,449 University Avenue,6.0,"43.6558557,-79.3894093"
Dundas Station,"Toronto, ON M5B 1J3",6.0,"43.6558557,-79.3894093"
Queen Station,171 Yonge Street,6.0,"43.6558557,-79.3894093"
Queen's Park Subway Station,129 College Street,6.0,"43.6558557,-79.3894093"
King Station,3 King Street E,6.0,"43.6558557,-79.3894093"
Queen Subway Station,8 Queen Street W,6.0,"43.6558557,-79.3894093"
Union Station,65 Front Street W,7.0,"43.652327224103,-79.3882538196087"
VIA Rail Canada,65 Front Street  W,7.0,"43.652327224103,-79.3882538196087"
St Patrick Subway Station,449 University Avenue,7.0,"43.652327224103,-79.3882538196087"
Queen Station,171 Yonge Street,7.0,"43.652327224103,-79.3882538196087"
King Station,3 King Street E,7.0,"43.652327224103,-79.3882538196087"
Queen's Park Subway Station,129 College Street,7.0,"43.652327224103,-79.3882538196087"
Queen Subway Station,8 Queen Street W,7.0,"43.652327224103,-79.3882538196087"
Exhibition GO Station,Manitoba Drive,1.0,"43.6438602,-79.4227573"
Old Mill Station,2672 Bloor Street W,2.0,"43.64920406876699,-79.49336334201408"
Jane Station,15 Jane Street,2.0,"43.64920406876699,-79.49336334201408"
Union Station,65 Front Street W,6.0,"43.6503935,-79.3860211"
VIA Rail Canada,65 Front Street  W,6.0,"43.6503935,-79.3860211"
St Patrick Subway Station,449 University Avenue,6.0,"43.6503935,-79.3860211"
Queen Station,171 Yonge Street,6.0,"43.6503935,-79.3860211"
King Station,3 King Street E,6.0,"43.6503935,-79.3860211"
Queen Subway Station,8 Queen Street W,6.0,"43.6503935,-79.3860211"
Dundas Station,"Toronto, ON M5B 1J3",5.0,"43.6614605,-79.37894570000002"
Wellesley Subway Station,16 Wellesley Street E,5.0,"43.6614605,-79.37894570000002"
St Patrick Subway Station,449 University Avenue,5.0,"43.6614605,-79.37894570000002"
Queen's Park Subway Station,129 College Street,5.0,"43.6614605,-79.37894570000002"
Bay Subway Station,1240 Bay Street,5.0,"43.6614605,-79.37894570000002"
Main Street Subway Station,315 Main Street,2.0,"43.69413548199171,-79.30058718775287"
Danforth GO,213 Main Street,2.0,"43.69413548199171,-79.30058718775287"
Union Station,65 Front Street W,3.0,"43.640978,-79.376785"
VIA Rail Canada,65 Front Street  W,3.0,"43.640978,-79.376785"
King Station,3 King Street E,3.0,"43.640978,-79.376785"
Exhibition GO Station,Manitoba Drive,1.0,"43.63840090000001,-79.4197107"
Exhibition GO Station,Manitoba Drive,1.0,"43.635,-79.4088888888889"
Museum Subway Station,75 Queen's Park,4.0,"43.67515255542865,-79.38849615969643"
Bloor-Yonge Subway Station,20 Bloor Street E,4.0,"43.67515255542865,-79.38849615969643"
Bay Subway Station,1240 Bay Street,4.0,"43.67515255542865,-79.38849615969643"
Summerhill Subway Station,16 Shaftesbury Ave,4.0,"43.67515255542865,-79.38849615969643"
Broadview Subway Station,769 Broadview Avenue,1.0,"43.67468857448634,-79.36701962396272"
Summerhill Subway Station,16 Shaftesbury Ave,1.0,"43.6846177,-79.39245919999999"
TTC York University,120 Ian Macdonald Boulevard,2.0,"43.77345,-79.5002"
Pioneer Village Station,2800 Steeles Ave W,2.0,"43.77345,-79.5002"
Main Street Subway Station,315 Main Street,1.0,"43.686442,-79.313404"
Museum Subway Station,75 Queen's Park,4.0,"43.66402799999999,-79.40297869999999"
Spadina Subway Station,6 Spadina Road,4.0,"43.66402799999999,-79.40297869999999"
Bathurst Subway Station,819 Bathurst Street,4.0,"43.66402799999999,-79.40297869999999"
Queen's Park Subway Station,129 College Street,4.0,"43.66402799999999,-79.40297869999999"
Union Station,65 Front Street W,6.0,"43.6481303,-79.38632"
VIA Rail Canada,65 Front Street  W,6.0,"43.6481303,-79.38632"
St Patrick Subway Station,449 University Avenue,6.0,"43.6481303,-79.38632"
Queen Station,171 Yonge Street,6.0,"43.6481303,-79.38632"
King Station,3 King Street E,6.0,"43.6481303,-79.38632"
Queen Subway Station,8 Queen Street W,6.0,"43.6481303,-79.38632"
Union Station,65 Front Street W,6.0,"43.65049,-79.3873"
VIA Rail Canada,65 Front Street  W,6.0,"43.65049,-79.3873"
St Patrick Subway Station,449 University Avenue,6.0,"43.65049,-79.3873"
Queen Station,171 Yonge Street,6.0,"43.65049,-79.3873"
King Station,3 King Street E,6.0,"43.65049,-79.3873"
Queen Subway Station,8 Queen Street W,6.0,"43.65049,-79.3873"
Union Station,65 Front Street W,3.0,"43.64215,-79.377"
VIA Rail Canada,65 Front Street  W,3.0,"43.64215,-79.377"
King Station,3 King Street E,3.0,"43.64215,-79.377"
Bloor GO Station,1456 Bloor Street W,2.0,"43.663337,-79.446444"
Dufferin Subway Station,1006 Dufferin Street,2.0,"43.663337,-79.446444"
Exhibition GO Station,Manitoba Drive,1.0,"43.6392777,-79.4115736"
Ossington Subway Station,746 Ossington Avenue,2.0,"43.6602021,-79.4342726"
Dufferin Subway Station,1006 Dufferin Street,2.0,"43.6602021,-79.4342726"
Pape Subway Station,743 Pape Avenue,2.0,"43.680012,-79.34403250000001"
Chester Station,22 Chester Avenue,2.0,"43.680012,-79.34403250000001"
Union Station,65 Front Street W,3.0,"43.641952,-79.380723"
VIA Rail Canada,65 Front Street  W,3.0,"43.641952,-79.380723"
King Station,3 King Street E,3.0,"43.641952,-79.380723"
Union Station,65 Front Street W,3.0,"43.64191,-79.378325"
VIA Rail Canada,65 Front Street  W,3.0,"43.64191,-79.378325"
King Station,3 King Street E,3.0,"43.64191,-79.378325"
Dundas Station,"Toronto, ON M5B 1J3",5.0,"43.6559476,-79.37558829999999"
Queen Station,171 Yonge Street,5.0,"43.6559476,-79.37558829999999"
St Patrick Subway Station,449 University Avenue,5.0,"43.6559476,-79.37558829999999"
King Station,3 King Street E,5.0,"43.6559476,-79.37558829999999"
Queen Subway Station,8 Queen Street W,5.0,"43.6559476,-79.37558829999999"
Exhibition GO Station,Manitoba Drive,1.0,"43.6409957,-79.40966630000001"
Bathurst Subway Station,819 Bathurst Street,1.0,"43.67168,-79.421192"
Union Station,65 Front Street W,6.0,"43.652634,-79.374222"
VIA Rail Canada,65 Front Street  W,6.0,"43.652634,-79.374222"
Queen Station,171 Yonge Street,6.0,"43.652634,-79.374222"
King Station,3 King Street E,6.0,"43.652634,-79.374222"
Dundas Station,"Toronto, ON M5B 1J3",6.0,"43.652634,-79.374222"
Queen Subway Station,8 Queen Street W,6.0,"43.652634,-79.374222"
Greenwood Yard,400 Greenwood Avenue,1.0,"43.6808774,-79.3304491"
Greenwood Yard,400 Greenwood Avenue,1.0,"43.6791345,-79.3263159"
Union Station,65 Front Street W,5.0,"43.6478206,-79.3704721"
VIA Rail Canada,65 Front Street  W,5.0,"43.6478206,-79.3704721"
Queen Station,171 Yonge Street,5.0,"43.6478206,-79.3704721"
King Station,3 King Street E,5.0,"43.6478206,-79.3704721"
Queen Subway Station,8 Queen Street W,5.0,"43.6478206,-79.3704721"
Main Street Subway Station,315 Main Street,2.0,"43.6868681,-79.3110942"
Danforth GO,213 Main Street,2.0,"43.6868681,-79.3110942"
Ossington Subway Station,746 Ossington Avenue,2.0,"43.667076,-79.425116"
Dufferin Subway Station,1006 Dufferin Street,2.0,"43.667076,-79.425116"
High Park Subway Station,35 Quebec Avenue,3.0,"43.649217,-79.465319"
Keele Subway Station,21 Keele Street,3.0,"43.649217,-79.465319"
Runnymede Station,265 Runnymede Road,3.0,"43.649217,-79.465319"
Spadina Subway Station,6 Spadina Road,3.0,"43.6677246,-79.4041365"
Museum Subway Station,75 Queen's Park,3.0,"43.6677246,-79.4041365"
Bathurst Subway Station,819 Bathurst Street,3.0,"43.6677246,-79.4041365"
Museum Subway Station,75 Queen's Park,6.0,"43.66496415990742,-79.38355031526893"
Wellesley Subway Station,16 Wellesley Street E,6.0,"43.66496415990742,-79.38355031526893"
Bloor-Yonge Subway Station,20 Bloor Street E,6.0,"43.66496415990742,-79.38355031526893"
Dundas Station,"Toronto, ON M5B 1J3",6.0,"43.66496415990742,-79.38355031526893"
Bay Subway Station,1240 Bay Street,6.0,"43.66496415990742,-79.38355031526893"
Queen's Park Subway Station,129 College Street,6.0,"43.66496415990742,-79.38355031526893"
St Patrick Subway Station,449 University Avenue,1.0,"43.648437,-79.39838"
Bloor-Yonge Subway Station,20 Bloor Street E,3.0,"43.6673,-79.374"
Wellesley Subway Station,16 Wellesley Street E,3.0,"43.6673,-79.374"
Dundas Station,"Toronto, ON M5B 1J3",3.0,"43.6673,-79.374"
Union Station,65 Front Street W,7.0,"43.6517925,-79.38269509999999"
VIA Rail Canada,65 Front Street  W,7.0,"43.6517925,-79.38269509999999"
St Patrick Subway Station,449 University Avenue,7.0,"43.6517925,-79.38269509999999"
Queen Station,171 Yonge Street,7.0,"43.6517925,-79.38269509999999"
King Station,3 King Street E,7.0,"43.6517925,-79.38269509999999"
Queen's Park Subway Station,129 College Street,7.0,"43.6517925,-79.38269509999999"
Queen Subway Station,8 Queen Street W,7.0,"43.6517925,-79.38269509999999"
Ossington Subway Station,746 Ossington Avenue,2.0,"43.6554793,-79.4302462"
Dufferin Subway Station,1006 Dufferin Street,2.0,"43.6554793,-79.4302462"
St Clair West Subway Station,370 St Clair Ave W,1.0,"43.686352,-79.415894"
Exhibition GO Station,Manitoba Drive,1.0,"43.6442457,-79.41610440000001"
TTC York University,120 Ian Macdonald Boulevard,2.0,"43.7741,-79.5005"
Pioneer Village Station,2800 Steeles Ave W,2.0,"43.7741,-79.5005"
St Clair West Subway Station,370 St Clair Ave W,1.0,"43.683979,-79.410657"
St Patrick Subway Station,449 University Avenue,1.0,"43.6472019,-79.3953394"
Wellesley Subway Station,16 Wellesley Street E,3.0,"43.6647688,-79.3772602"
Bloor-Yonge Subway Station,20 Bloor Street E,3.0,"43.6647688,-79.3772602"
Dundas Station,"Toronto, ON M5B 1J3",3.0,"43.6647688,-79.3772602"
Union Station,65 Front Street W,7.0,"43.6506,-79.381285"
VIA Rail Canada,65 Front Street  W,7.0,"43.6506,-79.381285"
Queen Station,171 Yonge Street,7.0,"43.6506,-79.381285"
St Patrick Subway Station,449 University Avenue,7.0,"43.6506,-79.381285"
King Station,3 King Street E,7.0,"43.6506,-79.381285"
Queen Subway Station,8 Queen Street W,7.0,"43.6506,-79.381285"
Queen's Park Subway Station,129 College Street,7.0,"43.6506,-79.381285"
Bloor GO Station,1456 Bloor Street W,2.0,"43.6586525,-79.440502"
Dufferin Subway Station,1006 Dufferin Street,2.0,"43.6586525,-79.440502"
Bloor GO Station,1456 Bloor Street W,2.0,"43.6585504,-79.4497659"
Keele Subway Station,21 Keele Street,2.0,"43.6585504,-79.4497659"
St Patrick Subway Station,449 University Avenue,1.0,"43.6461512,-79.3998214"
Main Street Subway Station,315 Main Street,1.0,"43.693187,-79.314283"
Union Station,65 Front Street W,5.0,"43.6469251,-79.3733192"
VIA Rail Canada,65 Front Street  W,5.0,"43.6469251,-79.3733192"
King Station,3 King Street E,5.0,"43.6469251,-79.3733192"
Queen Station,171 Yonge Street,5.0,"43.6469251,-79.3733192"
Queen Subway Station,8 Queen Street W,5.0,"43.6469251,-79.3733192"
Union Station,65 Front Street W,5.0,"43.6463574,-79.391206"
VIA Rail Canada,65 Front Street  W,5.0,"43.6463574,-79.391206"
St Patrick Subway Station,449 University Avenue,5.0,"43.6463574,-79.391206"
Queen Station,171 Yonge Street,5.0,"43.6463574,-79.391206"
Queen Subway Station,8 Queen Street W,5.0,"43.6463574,-79.391206"
Broadview Subway Station,769 Broadview Avenue,1.0,"43.6682342,-79.3702641"
Bloor-Yonge Subway Station,20 Bloor Street E,3.0,"43.6791876,-79.39071899999999"
Bay Subway Station,1240 Bay Street,3.0,"43.6791876,-79.39071899999999"
Summerhill Subway Station,16 Shaftesbury Ave,3.0,"43.6791876,-79.39071899999999"
Museum Subway Station,75 Queen's Park,5.0,"43.674446,-79.398331"
Spadina Subway Station,6 Spadina Road,5.0,"43.674446,-79.398331"
Bloor-Yonge Subway Station,20 Bloor Street E,5.0,"43.674446,-79.398331"
Bay Subway Station,1240 Bay Street,5.0,"43.674446,-79.398331"
Summerhill Subway Station,16 Shaftesbury Ave,5.0,"43.674446,-79.398331"
Exhibition GO Station,Manitoba Drive,1.0,"43.6334636,-79.4143057"
Exhibition GO Station,Manitoba Drive,1.0,"43.6352007,-79.4187711"
Jane Station,15 Jane Street,3.0,"43.6501644,-79.48296909999999"
Old Mill Station,2672 Bloor Street W,3.0,"43.6501644,-79.48296909999999"
Runnymede Station,265 Runnymede Road,3.0,"43.6501644,-79.48296909999999"
Exhibition GO Station,Manitoba Drive,1.0,"43.636804,-79.408832"
Museum Subway Station,75 Queen's Park,6.0,"43.6658804,-79.38761010000002"
Bloor-Yonge Subway Station,20 Bloor Street E,6.0,"43.6658804,-79.38761010000002"
Wellesley Subway Station,16 Wellesley Street E,6.0,"43.6658804,-79.38761010000002"
Dundas Station,"Toronto, ON M5B 1J3",6.0,"43.6658804,-79.38761010000002"
Bay Subway Station,1240 Bay Street,6.0,"43.6658804,-79.38761010000002"
Queen's Park Subway Station,129 College Street,6.0,"43.6658804,-79.38761010000002"
King Station,3 King Street E,1.0,"43.6535052,-79.3667689"
Scarborough GO Station,3615 Saint Clair Avenue E,1.0,"43.7105975,-79.2541175"
Museum Subway Station,75 Queen's Park,7.0,"43.668500046272165,-79.3946235999697"
Spadina Subway Station,6 Spadina Road,7.0,"43.668500046272165,-79.3946235999697"
Bloor-Yonge Subway Station,20 Bloor Street E,7.0,"43.668500046272165,-79.3946235999697"
Wellesley Subway Station,16 Wellesley Street E,7.0,"43.668500046272165,-79.3946235999697"
Dundas Station,"Toronto, ON M5B 1J3",7.0,"43.668500046272165,-79.3946235999697"
Bay Subway Station,1240 Bay Street,7.0,"43.668500046272165,-79.3946235999697"
Queen's Park Subway Station,129 College Street,7.0,"43.668500046272165,-79.3946235999697"
Eglinton West Subway Station,1300 Eglinton Avenue W,1.0,"43.70163,-79.44099"
Broadview Subway Station,769 Broadview Avenue,3.0,"43.6784834,-79.3513564"
Pape Subway Station,743 Pape Avenue,3.0,"43.6784834,-79.3513564"
Chester Station,22 Chester Avenue,3.0,"43.6784834,-79.3513564"
Old Mill Station,2672 Bloor Street W,2.0,"43.65016869999999,-79.4963345"
Jane Station,15 Jane Street,2.0,"43.65016869999999,-79.4963345"
Old Mill Station,2672 Bloor Street W,1.0,"43.6492,-79.50601999999999"
Main Street Subway Station,315 Main Street,2.0,"43.6897656,-79.2939525"
Danforth GO,213 Main Street,2.0,"43.6897656,-79.2939525"
Queen's Park Subway Station,129 College Street,1.0,"43.6537513,-79.4028245"
Keele Subway Station,21 Keele Street,3.0,"43.648657,-79.458111"
High Park Subway Station,35 Quebec Avenue,3.0,"43.648657,-79.458111"
Bloor GO Station,1456 Bloor Street W,3.0,"43.648657,-79.458111"
Bloor-Yonge Subway Station,20 Bloor Street E,3.0,"43.671293,-79.380471"
Wellesley Subway Station,16 Wellesley Street E,3.0,"43.671293,-79.380471"
Bay Subway Station,1240 Bay Street,3.0,"43.671293,-79.380471"
Mimico GO Station,"Toronto, ON",1.0,"43.62313,-79.4918"
Pioneer Village Station,2800 Steeles Ave W,1.0,"43.772445,-79.511912"
Dundas Station,"Toronto, ON M5B 1J3",4.0,"43.655972,-79.370638"
Queen Station,171 Yonge Street,4.0,"43.655972,-79.370638"
King Station,3 King Street E,4.0,"43.655972,-79.370638"
Queen Subway Station,8 Queen Street W,4.0,"43.655972,-79.370638"
Museum Subway Station,75 Queen's Park,6.0,"43.666874,-79.381155"
Bloor-Yonge Subway Station,20 Bloor Street E,6.0,"43.666874,-79.381155"
Wellesley Subway Station,16 Wellesley Street E,6.0,"43.666874,-79.381155"
Dundas Station,"Toronto, ON M5B 1J3",6.0,"43.666874,-79.381155"
Bay Subway Station,1240 Bay Street,6.0,"43.666874,-79.381155"
Queen's Park Subway Station,129 College Street,6.0,"43.666874,-79.381155"
